"owner","name","extension.coordinates.x","extension.coordinates.y","extension.coordinates.z"
"terra1jhpm5...qzkur787","xyz #1",24,25,26
"terra16xfka...9mtrprjh","xyz #10",12,12,12
"terra1qzkrt...gfh3whfy","xyz #100",174,825,526
"terra14s3ny...xp9qvadf","xyz #1000",11,111,111
"terra1jhpm5...qzkur787","xyz #1001",23,11,21
"terra14sel4...e72v8fy7","xyz #1002",324,494,411
"terra1ay3yn...fpwj28fn","xyz #1003",504,937,-505
"terra18vujr...ngmuxhsn","xyz #1004",603,560,218
"terra1cz8aj...3yfr5s45","xyz #1005",100,-257,215
"terra1ctjmj...tkeskvlc","xyz #1006",914,-420,-592
"terra1fgczg...zpzqznws","xyz #1007",-177,604,-110
"terra1p820t...9fp5jtvv","xyz #1008",234,1000,1000
"terra1p9y0k...35j4p8ha","xyz #1009",9,-3,5
"terra1ymc59...ze7tsve9","xyz #101",1,10,101
"terra1f8ssq...kyx0d46f","xyz #1010",-380,-124,-432
"terra1ux29s...e42tnj73","xyz #1011",-902,57,-67
"terra1llap4...0d7v6ms5","xyz #1012",999,99,9
"terra16aepx...l7zn43t0","xyz #1013",420,690,420
"terra1xwte6...mu9h9lw6","xyz #1014",-375,993,967
"terra1eek0y...a60q2z2t","xyz #1015",9,8,8
"terra1cha68...rmr32t42","xyz #1016",585,-137,311
"terra1l2562...zn044jnc","xyz #1017",7,12,93
"terra14h98f...y4xhfgt9","xyz #1018",-990,342,-104
"terra1g4umu...fjpvgfdz","xyz #1019",-703,-208,-890
"terra1na3yq...68c56xsd","xyz #102",781,20,30
"terra1p820t...9fp5jtvv","xyz #1020",-77,378,-912
"terra1eek0y...a60q2z2t","xyz #1021",-423,828,-255
"terra1nrlwy...3kgswgr8","xyz #1022",999,512,21
"terra1zym3q...thqw6l76","xyz #1023",321,372,379
"terra13qyw6...5ccj5c3g","xyz #1024",5,5,4
"terra10xhry...tufn36u6","xyz #1025",656,-121,-129
"terra1e3r0e...p8qpnqgp","xyz #1026",546,936,753
"terra1pypcl...hnzuw2na","xyz #1027",9,13,81
"terra1hzcex...736a5ph0","xyz #1028",699,766,566
"terra1j8kxq...rmfrmrp9","xyz #1029",11,10,22
"terra159t95...6k568jxt","xyz #103",93,-811,49
"terra14peac...v4shmflf","xyz #1030",786,-530,-61
"terra1eek0y...a60q2z2t","xyz #1031",294,2,1
"terra1s0xk5...u45y55x5","xyz #1032",901,-482,101
"terra1r52kr...lmpjxc4n","xyz #1033",-206,711,570
"terra1hck4z...z70g28ks","xyz #1034",-445,-389,-159
"terra1s9man...mh5jjyuy","xyz #1035",123,123,1000
"terra106m33...cxzlefnx","xyz #1036",-813,4,575
"terra1yymga...eqenmcj9","xyz #1037",816,-59,902
"terra1nhv8v...maem0y5r","xyz #1038",23,5,23
"terra1s9man...mh5jjyuy","xyz #1039",374,230,50
"terra1azuw0...pg3vnjm7","xyz #104",888,888,889
"terra1ctjmj...tkeskvlc","xyz #1040",28,11,96
"terra1ne53v...8jkttyuu","xyz #1041",-810,78,219
"terra1f5ec8...paagf68z","xyz #1042",15,10,10
"terra1zr2r5...feh9qm77","xyz #1043",158,-173,381
"terra1ha5d2...gkgm9zae","xyz #1044",629,653,543
"terra12gstu...2cta2v3v","xyz #1045",978,134,59
"terra1z75yy...qc0ngur5","xyz #1046",3,1,1
"terra14pmna...tv8eezj7","xyz #1047",33,66,99
"terra1z320y...0jj6a98c","xyz #1048",211,-781,259
"terra1eek0y...a60q2z2t","xyz #1049",584,-982,149
"terra1j5sdr...6npgghg6","xyz #105",100,100,-100
"terra1urc2v...933u926m","xyz #1050",776,338,-87
"terra1t03df...ccv2huac","xyz #1051",11,-7,16
"terra1sz9cx...yegrht0t","xyz #1052",24,23,32
"terra167vu5...0rucdhau","xyz #1053",85,2,17
"terra1duhlf...htwq4flq","xyz #1054",-310,-563,-596
"terra1qq65p...4tfud9pn","xyz #1055",-642,-355,-47
"terra17f3e8...upuuw57h","xyz #1056",-123,131,325
"terra19p2en...ykqa9553","xyz #1057",333,666,999
"terra1z3jah...j59wx7ur","xyz #1058",-55,809,930
"terra1wnqgc...fxmsfjch","xyz #1059",31,1,89
"terra15uqzl...7adzkd3p","xyz #106",69,420,555
"terra1v3f7r...zjafakc5","xyz #1060",538,432,80
"terra1srvh4...30txryxw","xyz #1061",-310,825,-865
"terra1a8dau...cmelhuu3","xyz #1062",8,0,0
"terra1n0n0v...mu9t3pau","xyz #1063",322,322,322
"terra1eek0y...a60q2z2t","xyz #1064",525,1000,777
"terra15uqzl...7adzkd3p","xyz #1065",69,420,777
"terra1hlc3y...3gl8yr95","xyz #1066",573,94,-341
"terra1ungsx...ktxr5gkw","xyz #1067",2,10,21
"terra1le82c...t2eh0smr","xyz #1068",506,954,342
"terra1djrjs...08p23yl6","xyz #1069",-9,-1,-1
"terra1djrjs...08p23yl6","xyz #107",24,10,21
"terra1x64fj...ucm0vffw","xyz #1070",3,2,3
"terra1zkalk...fw9uwmx7","xyz #1071",123,431,124
"terra1klkuu...7hvz8dks","xyz #1072",696,-819,841
"terra1xhpny...2qvjrck2","xyz #1073",100,5,12
"terra17zvkj...uygtla83","xyz #1074",-223,-580,879
"terra19tl88...k7p62zpy","xyz #1075",-69,0,-420
"terra10eyyz...se3gt65x","xyz #1076",7,7,11
"terra14s3ny...xp9qvadf","xyz #1077",-25,-958,260
"terra1mff8z...00lm8gpe","xyz #1078",998,101,222
"terra144xhs...7ydfjyg6","xyz #1079",684,612,532
"terra1wetyp...zhjk5vwc","xyz #108",420,69,0
"terra1f9xyu...amldn477","xyz #1080",435,323,11
"terra1wwr64...4lut5ufp","xyz #1081",437,522,-651
"terra1ctjmj...tkeskvlc","xyz #1082",891,694,922
"terra1t6pve...5c68mxwz","xyz #1083",-401,-316,707
"terra1xkghp...4vzqx5tz","xyz #1084",987,654,321
"terra1jyut4...4yhr9xfa","xyz #1085",3,1,73
"terra1eek0y...a60q2z2t","xyz #1086",-368,-924,648
"terra1hgnj3...t08e89u2","xyz #1087",891,441,-630
"terra1vkyz5...ygd79hhv","xyz #1088",-981,331,-105
"terra18fj9h...phqds5se","xyz #1089",28,259,705
"terra1m73xv...nzwtzkd6","xyz #109",69,420,8
"terra1xzf6r...un4kadg7","xyz #1090",13,-395,726
"terra13f3sy...klrtf9rp","xyz #1091",-887,976,-642
"terra19v9tg...9xsxml06","xyz #1092",420,420,427
"terra1kmmmm...nypr6kd4","xyz #1093",400,84,-105
"terra1jvkve...z4qazhm7","xyz #1094",-740,-159,223
"terra18a0t9...wtfpa46q","xyz #1095",432,941,-850
"terra1zvdsl...ez2acqy3","xyz #1096",-66,0,-66
"terra1jtxed...lnxw9tw3","xyz #1097",501,501,501
"terra1s9man...mh5jjyuy","xyz #1098",-692,765,531
"terra162cxa...w8pws625","xyz #1099",1,-3,0
"terra1k5puz...pxj6em96","xyz #11",69,69,69
"terra1jve2y...stl0z4ss","xyz #110",123,456,789
"terra1jzkjv...ath2fzd3","xyz #1100",6,22,7
"terra1l386w...hhusjkfv","xyz #1101",-75,-430,507
"terra1nl0m5...2ewn52nq","xyz #1102",5,1000,1000
"terra1ay3yn...fpwj28fn","xyz #1103",-617,-913,42
"terra1mqm9z...nh3pjwwg","xyz #1104",618,818,218
"terra1uhqn6...smc5cnrj","xyz #1105",1,0,9
"terra1fgczg...zpzqznws","xyz #1106",-163,828,-708
"terra1n3dnw...87sqpnk7","xyz #1107",356,394,271
"terra1p9y0k...35j4p8ha","xyz #1108",1,2,-2
"terra167d69...nlxx8ct4","xyz #1109",-4,-20,0
"terra1y689l...ws8pq7tg","xyz #111",-329,-875,-762
"terra19mu2w...gk72gzvs","xyz #1110",476,-727,170
"terra1fwg7j...e2a08jul","xyz #1111",-274,318,969
"terra16aepx...l7zn43t0","xyz #1112",777,77,777
"terra14sel4...e72v8fy7","xyz #1113",627,-69,-754
"terra1jtxed...lnxw9tw3","xyz #1114",994,122,-707
"terra1f7xu6...nx9y5v05","xyz #1115",112,112,119
"terra1as8j8...5chfhqwn","xyz #1116",420,-69,88
"terra1s9man...mh5jjyuy","xyz #1117",456,123,546
"terra1ws4w8...9v55grvw","xyz #1118",3,632,1000
"terra1ctjmj...tkeskvlc","xyz #1119",515,479,-113
"terra1jdnjf...0s8tpsau","xyz #112",-221,259,-836
"terra1dcmy3...t8hr75ll","xyz #1120",-1,99,-5
"terra1adnql...wgtk8ar8","xyz #1121",12,13,14
"terra12axq4...0dteq6q4","xyz #1122",-458,338,357
"terra1pa2ax...3rv609gd","xyz #1123",3,7,18
"terra1prqmj...qqje3d55","xyz #1124",500,501,501
"terra188xff...8gxuhdx7","xyz #1125",-795,263,299
"terra1wl8v7...4f07lg9s","xyz #1126",19,9,190
"terra1j3v7m...pxxsfgmk","xyz #1127",551,555,555
"terra16xusw...y3pjm55x","xyz #1128",432,449,161
"terra1ezgen...wxwq2dj4","xyz #1129",-216,602,624
"terra1p9y0k...35j4p8ha","xyz #113",-3,0,0
"terra1nc6zc...lpxl85ka","xyz #1130",601,172,317
"terra1uxkyn...7pn0phed","xyz #1131",489,258,-788
"terra13nxtk...ljxr9lm9","xyz #1132",108,720,720
"terra1qmmr6...5kj07zps","xyz #1133",-839,160,623
"terra19dg8j...ktgvgfz6","xyz #1134",1000,0,1000
"terra12fju7...u4p4pyu8","xyz #1135",-392,614,457
"terra1vnfnp...wufzgeu5","xyz #1136",-115,294,-222
"terra1xt4xf...q59qpf02","xyz #1137",116,168,681
"terra1hck4z...z70g28ks","xyz #1138",-750,129,-938
"terra1v768r...49s5ztta","xyz #1139",12,38,100
"terra1pk5z9...cy97cjwc","xyz #114",12,8,85
"terra1g0d45...sg8y5xlq","xyz #1140",-687,-785,527
"terra1s0xk5...u45y55x5","xyz #1141",109,-525,-829
"terra1qjzel...j0sgfr8t","xyz #1142",900,900,-900
"terra1yymga...eqenmcj9","xyz #1143",-448,795,597
"terra1a3n5p...hnhs8ycu","xyz #1144",2,31,1
"terra1nudfd...f2l9tpjs","xyz #1145",904,11,44
"terra1pypcl...hnzuw2na","xyz #1146",13,13,-13
"terra1ej86f...gpp27yyy","xyz #1147",94,94,94
"terra1gt6nq...f630atpq","xyz #1148",124,-942,-859
"terra1eek0y...a60q2z2t","xyz #1149",444,1000,777
"terra1pvd6v...vnp6yau7","xyz #115",-436,397,460
"terra1vfmat...suvz6uhn","xyz #1150",-414,795,-671
"terra1nl0m5...2ewn52nq","xyz #1151",14,26,37
"terra1s0xk5...u45y55x5","xyz #1152",150,162,75
"terra1eek0y...a60q2z2t","xyz #1153",711,499,515
"terra14peac...v4shmflf","xyz #1154",4,-919,-470
"terra1jj7vf...r2w6zh88","xyz #1155",334,621,-234
"terra1f34ej...ndncun0w","xyz #1156",744,-15,-945
"terra1f9xyu...amldn477","xyz #1157",400,126,-79
"terra1pypcl...hnzuw2na","xyz #1158",-69,-284,-457
"terra1h5qx8...cq49j537","xyz #1159",208,-91,-724
"terra1qwzuf...zhfkm9m9","xyz #116",88,888,88
"terra1djrjs...08p23yl6","xyz #1160",433,-857,420
"terra16fufn...0jpwfuc2","xyz #1161",455,-55,-690
"terra18u7hr...tsf6pkmf","xyz #1162",3,4,5
"terra14s3ny...xp9qvadf","xyz #1163",-607,-263,-4
"terra1qntzv...ke0zl43t","xyz #1164",16,4,44
"terra1l2tgy...59s4w8z7","xyz #1165",15,14,16
"terra14uf7n...0c7s907y","xyz #1166",7,9,9
"terra15p9jq...w6j7aj4u","xyz #1167",23,11,69
"terra1x223p...f8furarm","xyz #1168",345,345,634
"terra13s9zd...cl95fcjc","xyz #1169",716,716,716
"terra1ntyv4...a62au700","xyz #117",10,9,10
"terra1ux29s...e42tnj73","xyz #1170",858,-634,330
"terra1ctjmj...tkeskvlc","xyz #1171",2,4,95
"terra1wxjm6...8k3m8dpf","xyz #1172",2,5,4
"terra1p820t...9fp5jtvv","xyz #1173",25,69,39
"terra1fn9xv...c9e47r9s","xyz #1174",-888,-420,-69
"terra1mvvpn...eqepdvkm","xyz #1175",54,105,80
"terra1cha68...rmr32t42","xyz #1176",585,-137,301
"terra1h0u9n...lakyv7s0","xyz #1177",90,270,130
"terra1l2562...zn044jnc","xyz #1178",9,1,6
"terra13qyw6...5ccj5c3g","xyz #1179",45,100,72
"terra1hjqxl...ck02vzzv","xyz #118",113,662,655
"terra1e3r0e...p8qpnqgp","xyz #1180",739,462,51
"terra1l9pef...uxny92sr","xyz #1181",309,-617,-547
"terra1n6ykw...rhcq3tzx","xyz #1182",111,888,888
"terra1ms752...vn888wsn","xyz #1183",229,386,546
"terra1eek0y...a60q2z2t","xyz #1184",-643,-436,342
"terra1ms752...vn888wsn","xyz #1185",-123,-396,-299
"terra14tdsy...px7keleg","xyz #1186",420,69,240
"terra1vvugq...42jvvftq","xyz #1187",3,22,19
"terra1zdrgh...m9zkn6wx","xyz #1188",-1,2,3
"terra1kah8q...ryudg9xl","xyz #1189",713,-140,737
"terra1cm3pa...x5hwr2k4","xyz #119",-229,-266,-296
"terra10dg3a...3m9l8ksw","xyz #1190",5,50,50
"terra1f8tn4...ejv4tupf","xyz #1191",0,-1,-3
"terra1vhcqa...6keqz0jq","xyz #1192",689,-703,-750
"terra1vh9fg...3f4er2nc","xyz #1193",127,12,732
"terra1edh7n...lsjrq3fw","xyz #1194",382,-39,-723
"terra1dyh99...65695309","xyz #1195",-537,-935,651
"terra1gu6p0...5dhlt3sp","xyz #1196",2,24,98
"terra13crhn...6g4l7cv0","xyz #1197",583,409,-921
"terra106m33...cxzlefnx","xyz #1198",-579,418,-218
"terra14peac...v4shmflf","xyz #1199",523,673,926
"terra1w9vzn...k6xpvuu8","xyz #12",2,2,2
"terra1dwlzs...djw562lh","xyz #120",4,5,6
"terra1suygc...wxl06z0v","xyz #1200",14,7,940
"terra1ha5d2...gkgm9zae","xyz #1201",790,789,678
"terra10xhry...tufn36u6","xyz #1202",-990,-21,-3
"terra1pypcl...hnzuw2na","xyz #1203",-933,-480,-979
"terra1jdnjf...0s8tpsau","xyz #1204",123,423,123
"terra1e2m24...us849dyg","xyz #1205",43,255,69
"terra19v9tg...9xsxml06","xyz #1206",46,-134,-710
"terra1qq65p...4tfud9pn","xyz #1207",152,-954,-839
"terra1hjm80...6u55qx5s","xyz #1208",425,-419,25
"terra1pds8p...rk0zvh2m","xyz #1209",0,0,-3
"terra1a3xa9...sx4sljgy","xyz #121",9,30,20
"terra1g4umu...fjpvgfdz","xyz #1210",-717,-109,-745
"terra1suvx3...f38wzzef","xyz #1211",1,13,19
"terra1nhv8v...maem0y5r","xyz #1212",2,8,16
"terra1ut4pu...z85sjpsp","xyz #1213",100,10,10
"terra17lgkg...63gm4r8v","xyz #1214",-784,-38,-279
"terra144xhs...7ydfjyg6","xyz #1215",-880,-996,-503
"terra1drqj2...wcnw4pg9","xyz #1216",323,366,430
"terra12tk27...crvzw2d3","xyz #1217",-66,66,-66
"terra1cqnjv...wagul7ms","xyz #1218",157,-373,-156
"terra1z0vzj...rnc22jpp","xyz #1219",862,801,788
"terra1wwgqj...099vvdej","xyz #122",213,977,-734
"terra1tq87m...3pu4dfk6","xyz #1220",545,252,395
"terra1ef77r...cnxygkp8","xyz #1221",-433,-557,684
"terra195ghr...wnhkvt6w","xyz #1222",435,127,-76
"terra1m9tug...y87f329v","xyz #1223",595,-153,60
"terra13pgpz...kkej8mzw","xyz #1224",2,8,86
"terra1fex2q...gpgn2sg4","xyz #1225",5,1,20
"terra16tsxz...qe3wde73","xyz #1226",-666,-69,-420
"terra14vk89...5cx6hlxc","xyz #1227",-506,-805,353
"terra19dg8j...ktgvgfz6","xyz #1228",-1,1,0
"terra1qjzel...j0sgfr8t","xyz #1229",159,672,489
"terra1ew88e...xp6wsf76","xyz #123",-69,-69,-69
"terra1eek0y...a60q2z2t","xyz #1230",101,101,10
"terra1sg7ag...c2uqvt24","xyz #1231",658,209,-886
"terra1gt6nq...f630atpq","xyz #1232",-784,831,969
"terra17f3e8...upuuw57h","xyz #1233",339,-891,778
"terra162kt3...8ts7y4ee","xyz #1234",-13,-13,13
"terra1eek0y...a60q2z2t","xyz #1235",96,12,-86
"terra1eek0y...a60q2z2t","xyz #1236",111,69,111
"terra12v8vr...mkgnq60j","xyz #1237",3,4,1
"terra1umrhk...40hlfhqv","xyz #1238",150,562,656
"terra190fvt...vkwkyfc7","xyz #1239",16,11,83
"terra19z4t6...3tut0xqz","xyz #124",-151,442,216
"terra1nsfee...jmgkygdm","xyz #1240",563,541,848
"terra1xhpny...2qvjrck2","xyz #1241",5,17,83
"terra1umcmn...wymg43qq","xyz #1242",-100,-100,-100
"terra1s0xk5...u45y55x5","xyz #1243",-346,-333,419
"terra18f8er...u0lr9gvd","xyz #1244",18,10,20
"terra1s9man...mh5jjyuy","xyz #1245",589,841,976
"terra13jcfz...z2w7nkxq","xyz #1246",-267,-374,166
"terra1pypcl...hnzuw2na","xyz #1247",30,-363,278
"terra1dwlzs...djw562lh","xyz #1248",-15,-889,977
"terra1f4szf...2dl9znvs","xyz #1249",108,777,828
"terra10dkxg...v7lxu42c","xyz #125",-4,-20,-69
"terra1fwg7j...e2a08jul","xyz #1250",-128,-257,432
"terra1j8kxq...rmfrmrp9","xyz #1251",7,11,12
"terra1jzkjv...ath2fzd3","xyz #1252",6,7,0
"terra1klkuu...7hvz8dks","xyz #1253",-385,-821,288
"terra15uqzl...7adzkd3p","xyz #1254",69,420,1000
"terra14s3ny...xp9qvadf","xyz #1255",-527,116,651
"terra1dcxa0...ns3t5nnh","xyz #1256",140,-125,132
"terra1ws4w8...9v55grvw","xyz #1257",579,-637,74
"terra1duhlf...htwq4flq","xyz #1258",-756,-388,621
"terra1eek0y...a60q2z2t","xyz #1259",-100,-300,-500
"terra18wh0c...slrwxq80","xyz #126",101,101,101
"terra1hck4z...z70g28ks","xyz #1260",620,-476,970
"terra12wyah...f9j54gve","xyz #1261",503,633,-884
"terra1072q7...88arnra4","xyz #1262",998,882,-128
"terra1p820t...9fp5jtvv","xyz #1263",344,423,1000
"terra13zkkd...4m6uw6sl","xyz #1264",10,250,21
"terra1jtxed...lnxw9tw3","xyz #1265",715,715,715
"terra1jj7vf...r2w6zh88","xyz #1266",-286,217,322
"terra1p9y0k...35j4p8ha","xyz #1267",-7,5,5
"terra1vnfnp...wufzgeu5","xyz #1268",283,205,-78
"terra1kh9e2...m7yq6avr","xyz #1269",-902,-426,-495
"terra1k4uek...eccxx80q","xyz #127",18,136,128
"terra1chz4t...c0vxzv3c","xyz #1270",-93,871,89
"terra1unpjk...tgd2w633","xyz #1271",10,-10,20
"terra1pypcl...hnzuw2na","xyz #1272",5,14,20
"terra167vu5...0rucdhau","xyz #1273",88,10,1
"terra1eek0y...a60q2z2t","xyz #1274",112,3,321
"terra16xusw...y3pjm55x","xyz #1275",-602,-505,259
"terra1vkyz5...ygd79hhv","xyz #1276",-408,447,-465
"terra1nzmms...pg3rdkgv","xyz #1277",-397,-854,-481
"terra13qyw6...5ccj5c3g","xyz #1278",-10,-9,10
"terra1rm8vh...tc2mmh7z","xyz #1279",987,231,469
"terra1yhrqr...v6pgwxtj","xyz #128",-6,-6,-6
"terra1zkalk...fw9uwmx7","xyz #1280",555,444,888
"terra1prqmj...qqje3d55","xyz #1281",500,-500,501
"terra1fgczg...zpzqznws","xyz #1282",-830,0,995
"terra1eek0y...a60q2z2t","xyz #1283",999,-99,-999
"terra1j3v7m...pxxsfgmk","xyz #1284",552,555,555
"terra13wh4p...fg7gekma","xyz #1285",0,6,0
"terra1mlcs2...3xn3zfsl","xyz #1286",-530,888,-356
"terra1kwztt...5klv4ky9","xyz #1287",-527,867,432
"terra1a8dau...cmelhuu3","xyz #1288",7,2,0
"terra1yymga...eqenmcj9","xyz #1289",717,-646,-206
"terra134yyh...752783rz","xyz #129",469,-740,275
"terra1pkfj6...qnslue4j","xyz #1290",-783,768,994
"terra1qq65p...4tfud9pn","xyz #1291",625,-400,-100
"terra1s9man...mh5jjyuy","xyz #1292",209,683,449
"terra1vhmv8...ckjqqhd5","xyz #1293",4,420,69
"terra1vp7gf...slqeyw32","xyz #1294",444,555,-666
"terra134yyh...752783rz","xyz #1295",-470,585,838
"terra144xhs...7ydfjyg6","xyz #1296",156,-125,14
"terra1srvh4...30txryxw","xyz #1297",700,-280,870
"terra1nrrq7...g4w7uqmx","xyz #1298",720,-261,-827
"terra14pmna...tv8eezj7","xyz #1299",94,11,27
"terra1eajr2...5a9hc4hl","xyz #13",0,6,9
"terra1vcwer...v4x6hxrq","xyz #130",886,-121,907
"terra19p2en...ykqa9553","xyz #1300",369,369,369
"terra1nl0m5...2ewn52nq","xyz #1301",196,-326,966
"terra14xfq2...0hyf7u43","xyz #1302",99,-500,700
"terra1wwr64...4lut5ufp","xyz #1303",-888,88,888
"terra1dcmy3...t8hr75ll","xyz #1304",-95,95,-95
"terra14h98f...y4xhfgt9","xyz #1305",-272,839,275
"terra16tsxz...qe3wde73","xyz #1306",590,263,-391
"terra1a3n5p...hnhs8ycu","xyz #1307",2,1,2
"terra1djrjs...08p23yl6","xyz #1308",-4,-4,-5
"terra1z320y...0jj6a98c","xyz #1309",-19,-19,-19
"terra188xff...8gxuhdx7","xyz #131",-2,-1,-2
"terra1l2562...zn044jnc","xyz #1310",60,270,850
"terra1eek0y...a60q2z2t","xyz #1311",988,764,130
"terra1h5qx8...cq49j537","xyz #1312",-7,-77,-7
"terra16fufn...0jpwfuc2","xyz #1313",-534,-571,352
"terra1nc6zc...lpxl85ka","xyz #1314",321,199,-503
"terra1vfmat...suvz6uhn","xyz #1315",988,744,822
"terra1mvvpn...eqepdvkm","xyz #1316",333,33,33
"terra1f9xyu...amldn477","xyz #1317",-6,9,76
"terra1tcd8v...gvh4jwus","xyz #1318",218,366,187
"terra1rr5v2...djth46u0","xyz #1319",-3,5,9
"terra1ec4zh...jfyvymtp","xyz #132",69,420,69
"terra1ppwne...afwknxkn","xyz #1320",811,712,305
"terra1t03df...ccv2huac","xyz #1321",31,-5,15
"terra1ctjmj...tkeskvlc","xyz #1322",526,345,269
"terra18ypvd...0fl4z04z","xyz #1323",1000,999,22
"terra1eek0y...a60q2z2t","xyz #1324",334,455,888
"terra1jdnjf...0s8tpsau","xyz #1325",115,231,436
"terra1x223p...f8furarm","xyz #1326",567,837,954
"terra10eyyz...se3gt65x","xyz #1327",7,7,9
"terra1ues85...yxxh4qap","xyz #1328",20,11,20
"terra1hgnj3...t08e89u2","xyz #1329",-583,981,-974
"terra1duewm...4k94xp4h","xyz #133",3,4,20
"terra19mu2w...gk72gzvs","xyz #1330",375,399,-189
"terra1cs3gs...lwalj33v","xyz #1331",138,40,26
"terra12fju7...u4p4pyu8","xyz #1332",-500,-510,-520
"terra1cha68...rmr32t42","xyz #1333",585,-137,310
"terra18fj9h...phqds5se","xyz #1334",744,778,-279
"terra1f34ej...ndncun0w","xyz #1335",-569,263,-982
"terra1mn8yg...78hqngq3","xyz #1336",-21,-577,-349
"terra19v9tg...9xsxml06","xyz #1337",456,123,789
"terra1pypcl...hnzuw2na","xyz #1338",13,13,14
"terra1djrjs...08p23yl6","xyz #1339",153,221,855
"terra13nxtk...ljxr9lm9","xyz #134",13,1,22
"terra14peac...v4shmflf","xyz #1340",692,540,-377
"terra1p9y0k...35j4p8ha","xyz #1341",203,205,-53
"terra14sel4...e72v8fy7","xyz #1342",731,910,-466
"terra17lgkg...63gm4r8v","xyz #1343",5,55,555
"terra1eek0y...a60q2z2t","xyz #1344",-500,500,-500
"terra1zvdsl...ez2acqy3","xyz #1345",-555,0,555
"terra1hzcex...736a5ph0","xyz #1346",456,342,123
"terra1g4umu...fjpvgfdz","xyz #1347",-967,-847,-47
"terra1ha5d2...gkgm9zae","xyz #1348",543,765,134
"terra1tq87m...3pu4dfk6","xyz #1349",357,159,258
"terra1vp7gf...slqeyw32","xyz #135",-300,-200,500
"terra122443...utnpue5g","xyz #1350",240,240,240
"terra1ux29s...e42tnj73","xyz #1351",-370,39,6
"terra14s3ny...xp9qvadf","xyz #1352",-79,-16,147
"terra1ctjmj...tkeskvlc","xyz #1353",27,2,57
"terra19tl88...k7p62zpy","xyz #1354",-100,100,-100
"terra1n3dnw...87sqpnk7","xyz #1355",-217,-101,-136
"terra17zvkj...uygtla83","xyz #1356",305,181,491
"terra1kxxf2...p7jryn37","xyz #1357",889,889,889
"terra1s9man...mh5jjyuy","xyz #1358",161,739,-453
"terra1e3r0e...p8qpnqgp","xyz #1359",11,31,856
"terra1ej86f...gpp27yyy","xyz #136",800,87,355
"terra1nztxa...jggjgvvf","xyz #1360",-33,-33,-33
"terra12gstu...2cta2v3v","xyz #1361",-309,618,-711
"terra18f8er...u0lr9gvd","xyz #1362",30,11,14
"terra1wnqgc...fxmsfjch","xyz #1363",69,16,6
"terra12h6dd...ftnm7qv0","xyz #1364",50,30,850
"terra1f8ssq...kyx0d46f","xyz #1365",361,690,-184
"terra1x64fj...ucm0vffw","xyz #1366",45,56,777
"terra1htjqn...vk8axh34","xyz #1367",2,1,0
"terra1l386w...hhusjkfv","xyz #1368",19,23,29
"terra1emr8z...36zml9vp","xyz #1369",-621,-252,469
"terra1wvau9...6ns3we6w","xyz #137",256,200,8
"terra1zkalk...fw9uwmx7","xyz #1370",777,555,111
"terra17zw45...0z72yqrq","xyz #1371",128,965,335
"terra1l02g2...qncsl2yf","xyz #1372",520,620,123
"terra1wl8v7...4f07lg9s","xyz #1373",19,9,199
"terra1ckn69...wklzwgxe","xyz #1374",42,249,504
"terra1z75yy...qc0ngur5","xyz #1375",3,0,0
"terra1n6ykw...rhcq3tzx","xyz #1376",222,888,888
"terra1ms752...vn888wsn","xyz #1377",2,54,56
"terra1qgh9z...z9zfk5fm","xyz #1378",214,34,947
"terra1nudfd...f2l9tpjs","xyz #1379",673,-10,-481
"terra1f8tn4...ejv4tupf","xyz #138",-888,-888,-888
"terra12k7qq...j9r2lt8k","xyz #1380",508,512,899
"terra1z3jah...j59wx7ur","xyz #1381",990,347,922
"terra1f5ec8...paagf68z","xyz #1382",377,794,-589
"terra1pcsn2...6h8up4vd","xyz #1383",28,8,92
"terra1pypcl...hnzuw2na","xyz #1384",1,5,97
"terra1eek0y...a60q2z2t","xyz #1385",12,25,28
"terra1dj2wy...nuxw5axd","xyz #1386",0,-2,0
"terra1fwg7j...e2a08jul","xyz #1387",-673,785,-437
"terra1q5cke...hunmt8u7","xyz #1388",2,0,-1
"terra106m33...cxzlefnx","xyz #1389",-791,960,621
"terra1uy63s...kt8w702m","xyz #139",10,22,21
"terra18fj9h...phqds5se","xyz #1390",-871,224,596
"terra1as8j8...5chfhqwn","xyz #1391",21,5,88
"terra1mff8z...00lm8gpe","xyz #1392",123,434,222
"terra1ms752...vn888wsn","xyz #1393",-900,-451,-145
"terra1eek0y...a60q2z2t","xyz #1394",668,898,744
"terra1gt6nq...f630atpq","xyz #1395",-662,-809,569
"terra1pypcl...hnzuw2na","xyz #1396",127,891,55
"terra15p9jq...w6j7aj4u","xyz #1397",11,69,23
"terra1w69r9...gcm3nksk","xyz #1398",12,31,98
"terra13qyw6...5ccj5c3g","xyz #1399",-100,-99,-100
"terra1xlm68...9jvlakcw","xyz #14",1,4,6
"terra10ppp6...cvv8arha","xyz #140",123,123,123
"terra1ztdmj...u57s47e8","xyz #1400",-523,-736,-578
"terra1prqmj...qqje3d55","xyz #1401",-500,500,500
"terra1p9y0k...35j4p8ha","xyz #1402",0,-2,-2
"terra1eek0y...a60q2z2t","xyz #1403",1000,123,11
"terra138r38...s7tz49jl","xyz #1404",-1000,370,930
"terra1g4umu...fjpvgfdz","xyz #1405",717,-22,250
"terra1drqj2...wcnw4pg9","xyz #1406",-36,-509,451
"terra1ws4w8...9v55grvw","xyz #1407",-499,-850,512
"terra1z320y...0jj6a98c","xyz #1408",50,100,150
"terra1uqvzd...0tm3mhnk","xyz #1409",961,-143,621
"terra1cha68...rmr32t42","xyz #141",1,3,9
"terra10xhry...tufn36u6","xyz #1410",-237,71,-744
"terra1ctjmj...tkeskvlc","xyz #1411",259,-630,-265
"terra1kmkfv...4azjpvhn","xyz #1412",321,321,321
"terra16fufn...0jpwfuc2","xyz #1413",236,247,-722
"terra1evnk8...w3v24e6c","xyz #1414",-287,-248,524
"terra144xhs...7ydfjyg6","xyz #1415",-735,-666,-168
"terra15cm8n...wzmqfkjk","xyz #1416",14,7,89
"terra1vx6e3...3d2pmzs0","xyz #1417",75,17,23
"terra1nc6zc...lpxl85ka","xyz #1418",-713,-110,-179
"terra1duhlf...htwq4flq","xyz #1419",-922,-770,-165
"terra1srvh4...30txryxw","xyz #142",729,-279,886
"terra14s3ny...xp9qvadf","xyz #1420",43,974,716
"terra14h98f...y4xhfgt9","xyz #1421",850,479,-111
"terra1nrlwy...3kgswgr8","xyz #1422",666,999,-200
"terra1fnscu...v7s2kt5a","xyz #1423",980,850,950
"terra1qjzel...j0sgfr8t","xyz #1424",-254,-373,-446
"terra1klkuu...7hvz8dks","xyz #1425",1,3,4
"terra17f3e8...upuuw57h","xyz #1426",31,-55,-438
"terra1eek0y...a60q2z2t","xyz #1427",-55,-903,-280
"terra13s9zd...cl95fcjc","xyz #1428",409,528,130
"terra1qgjyw...up4el57d","xyz #1429",226,-282,-282
"terra1jepvd...xr8993nd","xyz #143",-545,-39,-50
"terra1njv5r...kpr9rza6","xyz #1430",-31,-712,373
"terra14uf7n...0c7s907y","xyz #1431",1,9,1
"terra1hck4z...z70g28ks","xyz #1432",-461,-687,-412
"terra18u7hr...tsf6pkmf","xyz #1433",9,11,19
"terra1vd204...elcjvgdl","xyz #1434",174,503,407
"terra1h5qx8...cq49j537","xyz #1435",-840,44,-219
"terra1ms752...vn888wsn","xyz #1436",310,971,829
"terra1eek0y...a60q2z2t","xyz #1437",254,-205,-738
"terra12wyah...f9j54gve","xyz #1438",89,338,598
"terra1f4szf...2dl9znvs","xyz #1439",-453,-411,204
"terra1q2fss...wga3dd2j","xyz #144",942,-682,15
"terra12tk27...crvzw2d3","xyz #1440",383,768,558
"terra16aepx...l7zn43t0","xyz #1441",666,420,666
"terra1s0xk5...u45y55x5","xyz #1442",703,468,262
"terra1a3n5p...hnhs8ycu","xyz #1443",33,11,32
"terra1pypcl...hnzuw2na","xyz #1444",-101,-202,-303
"terra1xlv6y...fytx0cwt","xyz #1445",55,342,554
"terra1eek0y...a60q2z2t","xyz #1446",-100,-25,35
"terra1dcxa0...ns3t5nnh","xyz #1447",600,567,212
"terra1vp2h5...dm0vm0yp","xyz #1448",999,-888,777
"terra13gky2...prveejw9","xyz #1449",-181,344,-574
"terra1rrljz...hhnhurpe","xyz #145",-420,-59,59
"terra12v8vr...mkgnq60j","xyz #1450",-873,-97,952
"terra1ns6ag...axfhx6jc","xyz #1451",45,45,45
"terra1ezgen...wxwq2dj4","xyz #1452",-580,-901,606
"terra1qntzv...ke0zl43t","xyz #1453",-682,11,-262
"terra1nl0m5...2ewn52nq","xyz #1454",385,906,-598
"terra1jzkjv...ath2fzd3","xyz #1455",3,5,7
"terra19mu2w...gk72gzvs","xyz #1456",-561,62,-822
"terra1ha5d2...gkgm9zae","xyz #1457",976,1000,432
"terra14peac...v4shmflf","xyz #1458",-1,0,-1
"terra1vfmat...suvz6uhn","xyz #1459",672,832,41
"terra1368yg...ppur6k4l","xyz #146",18,12,96
"terra149jlp...t4cy57jw","xyz #1460",-17,31,9
"terra1jdnjf...0s8tpsau","xyz #1461",23,23,192
"terra1h0u9n...lakyv7s0","xyz #1462",6,26,69
"terra1s9man...mh5jjyuy","xyz #1463",480,238,206
"terra1j3v7m...pxxsfgmk","xyz #1464",553,555,555
"terra1ej86f...gpp27yyy","xyz #1465",27,27,27
"terra1mvvpn...eqepdvkm","xyz #1466",-335,2,-960
"terra1sfymp...l97mnsxg","xyz #1467",874,-841,-989
"terra1cha68...rmr32t42","xyz #1468",585,-137,303
"terra1rr5v2...djth46u0","xyz #1469",23,-9,95
"terra1gyvgp...7shnjgdw","xyz #147",-891,-61,-862
"terra19p2en...ykqa9553","xyz #1470",963,963,963
"terra1m9tug...y87f329v","xyz #1471",-39,553,703
"terra1jtxed...lnxw9tw3","xyz #1472",912,912,912
"terra14s3ny...xp9qvadf","xyz #1473",-307,291,765
"terra1fn9xv...c9e47r9s","xyz #1474",903,-307,420
"terra1pypcl...hnzuw2na","xyz #1475",-799,474,-161
"terra16xusw...y3pjm55x","xyz #1476",476,-536,-628
"terra1pa2ax...3rv609gd","xyz #1477",18,2,2
"terra1jj7vf...r2w6zh88","xyz #1478",-121,703,-563
"terra1kah8q...ryudg9xl","xyz #1479",564,-509,-673
"terra10yasf...smx2vrsx","xyz #148",69,420,690
"terra1s9man...mh5jjyuy","xyz #1480",7,14,21
"terra1srvh4...30txryxw","xyz #1481",-119,300,50
"terra1as8j8...5chfhqwn","xyz #1482",797,-993,355
"terra1ctjmj...tkeskvlc","xyz #1483",613,-494,-599
"terra1ut4pu...z85sjpsp","xyz #1484",11,12,13
"terra1t03df...ccv2huac","xyz #1485",29,-5,75
"terra1ty0tr...uzjeyf42","xyz #1486",-342,564,123
"terra1kh9e2...m7yq6avr","xyz #1487",920,-3,-255
"terra1eek0y...a60q2z2t","xyz #1488",345,678,910
"terra1hgnj3...t08e89u2","xyz #1489",670,554,-641
"terra16q4ad...g2pyt8xk","xyz #149",10,10,10
"terra1umrhk...40hlfhqv","xyz #1490",456,156,561
"terra1tq87m...3pu4dfk6","xyz #1491",852,741,369
"terra13rnju...4xr6v70l","xyz #1492",30,3,1000
"terra1t6pve...5c68mxwz","xyz #1493",-362,874,-44
"terra1252u8...2us385de","xyz #1494",999,-999,-999
"terra19v9tg...9xsxml06","xyz #1495",710,710,710
"terra162kt3...8ts7y4ee","xyz #1496",12,11,12
"terra1afvm6...zxagpqgn","xyz #1497",-990,-650,358
"terra14peac...v4shmflf","xyz #1498",767,-729,-247
"terra1kwztt...5klv4ky9","xyz #1499",-844,961,-95
"terra1vje06...zvlayjey","xyz #15",29,2,20
"terra1py8h9...6fqsnyyu","xyz #150",650,-169,-899
"terra1wnqgc...fxmsfjch","xyz #1500",17,11,89
"terra1pypcl...hnzuw2na","xyz #1501",9,13,-81
"terra14peac...v4shmflf","xyz #1502",-6,250,357
"terra1fex2q...gpgn2sg4","xyz #1503",18,3,20
"terra10dg3a...3m9l8ksw","xyz #1504",-955,525,-191
"terra1mff8z...00lm8gpe","xyz #1505",909,101,606
"terra1ug73m...al73nz27","xyz #1506",194,592,-237
"terra18vujr...ngmuxhsn","xyz #1507",254,566,-558
"terra1vmk95...q8hq5euj","xyz #1508",5,55,5
"terra1djrjs...08p23yl6","xyz #1509",9,1,2
"terra1zmqxy...7h6r3cj0","xyz #151",420,69,69
"terra1sg7ag...c2uqvt24","xyz #1510",-213,402,159
"terra1n8uta...fws9kymc","xyz #1511",332,554,1000
"terra1eek0y...a60q2z2t","xyz #1512",577,-396,-168
"terra1appf3...2d4nh6la","xyz #1513",7,7,77
"terra1fwg7j...e2a08jul","xyz #1514",-160,884,11
"terra1kwztt...5klv4ky9","xyz #1515",-88,88,-88
"terra19mu2w...gk72gzvs","xyz #1516",-768,-525,-728
"terra14s3ny...xp9qvadf","xyz #1517",465,-859,551
"terra12wyah...f9j54gve","xyz #1518",-256,137,-25
"terra1kmmmm...nypr6kd4","xyz #1519",-706,59,-855
"terra1qtqyn...yz53xlqu","xyz #152",390,-65,377
"terra1nhv8v...maem0y5r","xyz #1520",16,12,83
"terra13wh4p...fg7gekma","xyz #1521",0,5,0
"terra1edh7n...lsjrq3fw","xyz #1522",64,269,894
"terra1vd204...elcjvgdl","xyz #1523",-993,481,666
"terra12fju7...u4p4pyu8","xyz #1524",610,620,630
"terra1hck4z...z70g28ks","xyz #1525",143,143,143
"terra18fj9h...phqds5se","xyz #1526",-292,-467,423
"terra1qjzel...j0sgfr8t","xyz #1527",582,567,-637
"terra14tdsy...px7keleg","xyz #1528",96,96,96
"terra1a8dau...cmelhuu3","xyz #1529",8,3,0
"terra1wjmyd...gfynkkl6","xyz #153",-59,71,676
"terra1v768r...49s5ztta","xyz #1530",2,4,6
"terra1ws4w8...9v55grvw","xyz #1531",52,-247,-724
"terra1duhlf...htwq4flq","xyz #1532",345,474,-971
"terra1vp7gf...slqeyw32","xyz #1533",-547,198,642
"terra1wwr64...4lut5ufp","xyz #1534",-4,291,-990
"terra132ymr...8ypu3e6q","xyz #1535",10,18,10
"terra1ffr6n...9tl2acns","xyz #1536",149,230,416
"terra1vkyz5...ygd79hhv","xyz #1537",-18,424,441
"terra1fgczg...zpzqznws","xyz #1538",998,998,998
"terra1wuuf6...gnmtyhe9","xyz #1539",525,-72,-363
"terra1urpuu...zjr386s4","xyz #154",5,8,0
"terra122443...utnpue5g","xyz #1540",360,60,99
"terra1gt6nq...f630atpq","xyz #1541",545,-261,90
"terra106m33...cxzlefnx","xyz #1542",336,829,959
"terra1dwlzs...djw562lh","xyz #1543",99,88,77
"terra1h5qx8...cq49j537","xyz #1544",273,626,45
"terra16fufn...0jpwfuc2","xyz #1545",-300,245,-261
"terra14h98f...y4xhfgt9","xyz #1546",-916,-123,178
"terra1ckn69...wklzwgxe","xyz #1547",-195,-170,354
"terra14pmna...tv8eezj7","xyz #1548",-20,2,20
"terra1klkuu...7hvz8dks","xyz #1549",1,3,3
"terra1ne53v...8jkttyuu","xyz #155",836,-298,285
"terra10qdrh...esnj6m24","xyz #1550",420,100,420
"terra1ffr6n...9tl2acns","xyz #1551",-796,-815,752
"terra1qgjyw...up4el57d","xyz #1552",-927,-509,976
"terra1f8ssq...kyx0d46f","xyz #1553",345,-419,-858
"terra1vnfnp...wufzgeu5","xyz #1554",11,-11,11
"terra1xwte6...mu9h9lw6","xyz #1555",4,8,85
"terra1z320y...0jj6a98c","xyz #1556",-707,304,-44
"terra14sel4...e72v8fy7","xyz #1557",100,658,229
"terra1urc2v...933u926m","xyz #1558",13,-13,13
"terra1f9xyu...amldn477","xyz #1559",-949,-899,48
"terra1exrhp...lm5at209","xyz #156",45,55,86
"terra15p9jq...w6j7aj4u","xyz #1560",11,111,1
"terra1p820t...9fp5jtvv","xyz #1561",428,967,760
"terra13qyw6...5ccj5c3g","xyz #1562",852,127,-226
"terra1eek0y...a60q2z2t","xyz #1563",888,-888,888
"terra1chz4t...c0vxzv3c","xyz #1564",-198,-471,519
"terra1qgh9z...z9zfk5fm","xyz #1565",463,768,934
"terra17f3e8...upuuw57h","xyz #1566",391,-748,2
"terra1ckn69...wklzwgxe","xyz #1567",-710,990,-767
"terra1pypcl...hnzuw2na","xyz #1568",12,30,58
"terra1kxxf2...p7jryn37","xyz #1569",898,898,898
"terra1ckn69...wklzwgxe","xyz #157",10,0,10
"terra1prqmj...qqje3d55","xyz #1570",-500,500,-501
"terra1dj2wy...nuxw5axd","xyz #1571",2,0,2
"terra1ckn69...wklzwgxe","xyz #1572",6,366,-508
"terra1wl8v7...4f07lg9s","xyz #1573",19,9,91
"terra188xff...8gxuhdx7","xyz #1574",-995,-72,-495
"terra12h6dd...ftnm7qv0","xyz #1575",23,43,655
"terra1sc9yc...dpendvct","xyz #1576",420,-420,-420
"terra1l2562...zn044jnc","xyz #1577",-11,-6,-50
"terra1jj7vf...r2w6zh88","xyz #1578",838,448,-177
"terra1q2lv6...z7s4f33m","xyz #1579",29,7,12
"terra1l5dx7...0acc0lc5","xyz #158",-392,996,-666
"terra1vhmv8...ckjqqhd5","xyz #1580",223,489,430
"terra1yymga...eqenmcj9","xyz #1581",183,890,-871
"terra1zys98...60yfac74","xyz #1582",0,0,-1000
"terra14s3ny...xp9qvadf","xyz #1583",899,-310,395
"terra1dcxa0...ns3t5nnh","xyz #1584",142,727,778
"terra16tsxz...qe3wde73","xyz #1585",10,23,982
"terra1g4xnr...v4yhl3d3","xyz #1586",-400,575,-584
"terra1mvvpn...eqepdvkm","xyz #1587",-15,-15,-15
"terra19mu2w...gk72gzvs","xyz #1588",-933,66,-721
"terra1eek0y...a60q2z2t","xyz #1589",4,0,0
"terra1sc9yc...dpendvct","xyz #159",-999,201,563
"terra1eek0y...a60q2z2t","xyz #1590",6,22,111
"terra1ty0tr...uzjeyf42","xyz #1591",-144,287,556
"terra1e3r0e...p8qpnqgp","xyz #1592",333,846,899
"terra1jtxed...lnxw9tw3","xyz #1593",52,52,52
"terra1tq87m...3pu4dfk6","xyz #1594",555,222,666
"terra18u7hr...tsf6pkmf","xyz #1595",6,12,86
"terra1rgwgn...tqwwy7j3","xyz #1596",80,80,80
"terra1s0xk5...u45y55x5","xyz #1597",-307,307,-307
"terra1tse3e...qw5l2wan","xyz #1598",88,8,88
"terra1cha68...rmr32t42","xyz #1599",585,-137,308
"terra1q7sjm...gw8l00r8","xyz #16",151,829,20
"terra1axdm6...66eps04x","xyz #160",0,0,7
"terra1mff8z...00lm8gpe","xyz #1600",555,100,333
"terra1ha5d2...gkgm9zae","xyz #1601",876,765,654
"terra1gt6nq...f630atpq","xyz #1602",-890,212,-310
"terra1njv5r...kpr9rza6","xyz #1603",904,672,538
"terra1fgczg...zpzqznws","xyz #1604",-797,-950,313
"terra1qjzel...j0sgfr8t","xyz #1605",296,1,485
"terra1py8h9...6fqsnyyu","xyz #1606",823,-306,782
"terra1hck4z...z70g28ks","xyz #1607",6,25,81
"terra1h5qx8...cq49j537","xyz #1608",-77,77,777
"terra1zkalk...fw9uwmx7","xyz #1609",999,333,666
"terra15f2wp...rftrrupf","xyz #161",420,420,69
"terra1kah8q...ryudg9xl","xyz #1610",-460,442,-621
"terra1gkkge...f6r2z3z6","xyz #1611",-397,26,47
"terra16fufn...0jpwfuc2","xyz #1612",-40,-209,-971
"terra12wyah...f9j54gve","xyz #1613",-952,660,-116
"terra1ws4w8...9v55grvw","xyz #1614",561,5,600
"terra1z4xv7...5c7x4gjs","xyz #1615",0,5,7
"terra1j3v7m...pxxsfgmk","xyz #1616",554,555,555
"terra188xff...8gxuhdx7","xyz #1617",0,-2,-1
"terra12h6dd...ftnm7qv0","xyz #1618",964,-436,-643
"terra16xusw...y3pjm55x","xyz #1619",105,-613,-437
"terra1y5ycm...ggj6agqx","xyz #162",965,-61,-538
"terra1xt4xf...q59qpf02","xyz #1620",14,2,44
"terra18fj9h...phqds5se","xyz #1621",-506,772,-901
"terra13zkkd...4m6uw6sl","xyz #1622",111,111,0
"terra1a3n5p...hnhs8ycu","xyz #1623",11,35,12
"terra1l2tgy...59s4w8z7","xyz #1624",2,5,7
"terra1kh9e2...m7yq6avr","xyz #1625",-356,-822,-980
"terra1zdrgh...m9zkn6wx","xyz #1626",-967,756,493
"terra12v8vr...mkgnq60j","xyz #1627",-706,132,383
"terra1a8dau...cmelhuu3","xyz #1628",47,47,47
"terra1vhcqa...6keqz0jq","xyz #1629",70,669,1
"terra1cwk4s...9h5c2qgk","xyz #163",-420,-69,-360
"terra15cm8n...wzmqfkjk","xyz #1630",0,-1,-2
"terra1z75yy...qc0ngur5","xyz #1631",5,0,0
"terra1nsm9k...8r3ucwsl","xyz #1632",201,370,-384
"terra106m33...cxzlefnx","xyz #1633",-954,435,606
"terra1p9y0k...35j4p8ha","xyz #1634",-36,87,13
"terra1w69r9...gcm3nksk","xyz #1635",242,67,816
"terra12fju7...u4p4pyu8","xyz #1636",-72,-606,-353
"terra14s3ny...xp9qvadf","xyz #1637",469,-890,493
"terra19mu2w...gk72gzvs","xyz #1638",-762,172,535
"terra1duhlf...htwq4flq","xyz #1639",-449,174,796
"terra17u9un...qdg4ptcr","xyz #164",1000,1000,1000
"terra1fwg7j...e2a08jul","xyz #1640",344,-577,-316
"terra1qq65p...4tfud9pn","xyz #1641",64,81,100
"terra1jdnjf...0s8tpsau","xyz #1642",873,801,351
"terra1eek0y...a60q2z2t","xyz #1643",111,112,113
"terra1eek0y...a60q2z2t","xyz #1644",21,22,33
"terra1t5krv...y7myrz5v","xyz #1645",-314,113,196
"terra18sf64...keywvl5f","xyz #1646",913,913,913
"terra1pypcl...hnzuw2na","xyz #1647",0,-425,-260
"terra1vfmat...suvz6uhn","xyz #1648",-244,890,-357
"terra167vu5...0rucdhau","xyz #1649",18,3,27
"terra1mvvpn...eqepdvkm","xyz #165",333,-965,-82
"terra1vg5at...sek5taah","xyz #1650",476,28,-802
"terra1nudfd...f2l9tpjs","xyz #1651",352,563,-638
"terra13guuy...0ne6y468","xyz #1652",592,816,-830
"terra1eek0y...a60q2z2t","xyz #1653",333,888,888
"terra1eek0y...a60q2z2t","xyz #1654",-732,156,-451
"terra1ej86f...gpp27yyy","xyz #1655",68,68,68
"terra1ms752...vn888wsn","xyz #1656",-156,-157,-120
"terra162kt3...8ts7y4ee","xyz #1657",15,15,15
"terra1eek0y...a60q2z2t","xyz #1658",190,48,1
"terra1kwztt...5klv4ky9","xyz #1659",556,555,555
"terra16xfka...9mtrprjh","xyz #166",12,34,56
"terra1jhc99...ncqwqj79","xyz #1660",153,-805,-783
"terra1vkyz5...ygd79hhv","xyz #1661",-434,893,-491
"terra1nel3m...4hmgdvmy","xyz #1662",988,988,988
"terra199jws...5r23922q","xyz #1663",77,7,17
"terra1x223p...f8furarm","xyz #1664",324,1000,231
"terra1ctjmj...tkeskvlc","xyz #1665",86,28,19
"terra1ckn69...wklzwgxe","xyz #1666",928,707,-353
"terra1sz9cx...yegrht0t","xyz #1667",-23,-24,-8
"terra1adnql...wgtk8ar8","xyz #1668",1,2,-3
"terra1zym3q...thqw6l76","xyz #1669",948,542,-261
"terra1uhpgu...2q48kv89","xyz #167",-420,-69,69
"terra1nhv8v...maem0y5r","xyz #1670",10,7,83
"terra1q5cke...hunmt8u7","xyz #1671",0,-1,2
"terra1ux29s...e42tnj73","xyz #1672",-55,-166,-627
"terra1jtxed...lnxw9tw3","xyz #1673",3,1,4
"terra14peac...v4shmflf","xyz #1674",10,-314,-302
"terra1dj2wy...nuxw5axd","xyz #1675",-2,0,-2
"terra14vk89...5cx6hlxc","xyz #1676",-506,-805,352
"terra1qxmup...47ph9yxe","xyz #1677",-999,999,-999
"terra12tk27...crvzw2d3","xyz #1678",55,1,999
"terra18c4ks...9etaczgu","xyz #1679",-768,-462,87
"terra1a3njt...4yccgk3t","xyz #168",24,3,83
"terra127y9r...7j0c8t65","xyz #1680",-144,328,-718
"terra17zw45...0z72yqrq","xyz #1681",325,543,976
"terra1x64fj...ucm0vffw","xyz #1682",718,592,564
"terra1jtxed...lnxw9tw3","xyz #1683",111,690,111
"terra1pwjf9...20g8ac5p","xyz #1684",7,10,91
"terra1rr5v2...djth46u0","xyz #1685",888,890,999
"terra1h0u9n...lakyv7s0","xyz #1686",70,70,70
"terra1vd204...elcjvgdl","xyz #1687",304,-974,403
"terra16veuu...zdf88uwe","xyz #1688",1,1,8
"terra1srvh4...30txryxw","xyz #1689",-299,835,-863
"terra1nl0m5...2ewn52nq","xyz #169",3,2,0
"terra1jyhel...8c34hlwx","xyz #1690",412,-695,844
"terra1wnqgc...fxmsfjch","xyz #1691",-31,-1,-89
"terra1afvm6...zxagpqgn","xyz #1692",-997,970,-845
"terra12gstu...2cta2v3v","xyz #1693",262,970,172
"terra1j9qcw...e30jfaw5","xyz #1694",669,966,696
"terra1ezgen...wxwq2dj4","xyz #1695",-599,-124,879
"terra1ctjmj...tkeskvlc","xyz #1696",-223,-365,9
"terra1l62yv...pjgf2xfk","xyz #1697",21,3,88
"terra1htjqn...vk8axh34","xyz #1698",407,407,407
"terra1qmnk8...mttxme4d","xyz #1699",-420,-666,69
"terra1eek0y...a60q2z2t","xyz #17",420,69,420
"terra1z3elf...rzu5fsqh","xyz #170",-68,-69,420
"terra1pa2ax...3rv609gd","xyz #1700",-2,-18,-2
"terra10dg3a...3m9l8ksw","xyz #1701",-101,51,209
"terra1pypcl...hnzuw2na","xyz #1702",24,11,21
"terra162cxa...w8pws625","xyz #1703",524,-951,754
"terra1xlv6y...fytx0cwt","xyz #1704",69,609,69
"terra1drqj2...wcnw4pg9","xyz #1705",92,92,92
"terra1wgs0s...3ek22x77","xyz #1706",79,393,956
"terra1kwztt...5klv4ky9","xyz #1707",555,-450,210
"terra1vp7gf...slqeyw32","xyz #1708",78,77,786
"terra1v768r...49s5ztta","xyz #1709",999,666,999
"terra1ndu8v...2qn3wfnv","xyz #171",1000,69,69
"terra1dwlzs...djw562lh","xyz #1710",98,88,77
"terra1eek0y...a60q2z2t","xyz #1711",-404,-505,-606
"terra1ha5d2...gkgm9zae","xyz #1712",76,765,435
"terra18gl0z...vdr592ss","xyz #1713",-425,-274,-26
"terra1t6pve...5c68mxwz","xyz #1714",675,336,609
"terra1qq65p...4tfud9pn","xyz #1715",-889,470,-836
"terra1pypcl...hnzuw2na","xyz #1716",20,5,14
"terra1jdnjf...0s8tpsau","xyz #1717",970,688,659
"terra1uhpgu...2q48kv89","xyz #1718",-405,-611,631
"terra1eek0y...a60q2z2t","xyz #1719",-66,-66,-666
"terra1w9vzn...k6xpvuu8","xyz #172",0,2,0
"terra1wl8v7...4f07lg9s","xyz #1720",19,9,93
"terra1ues85...yxxh4qap","xyz #1721",-394,-693,-302
"terra1nel3m...4hmgdvmy","xyz #1722",-685,565,-403
"terra19tl88...k7p62zpy","xyz #1723",1,6,95
"terra1qjzel...j0sgfr8t","xyz #1724",-45,-795,-260
"terra1fwg7j...e2a08jul","xyz #1725",-701,-448,483
"terra1x223p...f8furarm","xyz #1726",345,343,333
"terra1kmkfv...4azjpvhn","xyz #1727",-112,-112,-112
"terra14s3ny...xp9qvadf","xyz #1728",866,-662,88
"terra19mu2w...gk72gzvs","xyz #1729",79,-709,-666
"terra18rm4a...x55dl90t","xyz #173",-122,111,450
"terra1umrhk...40hlfhqv","xyz #1730",1000,-144,588
"terra1r77ns...ppg376ce","xyz #1731",45,32,15
"terra1kh9e2...m7yq6avr","xyz #1732",290,296,421
"terra1eek0y...a60q2z2t","xyz #1733",-77,434,75
"terra1fgczg...zpzqznws","xyz #1734",206,-226,694
"terra1ut4pu...z85sjpsp","xyz #1735",1000,0,1
"terra1gt6nq...f630atpq","xyz #1736",-482,-499,390
"terra1ws4w8...9v55grvw","xyz #1737",995,-379,-697
"terra12wyah...f9j54gve","xyz #1738",-870,-289,-695
"terra1g4umu...fjpvgfdz","xyz #1739",860,246,213
"terra1j5sdr...6npgghg6","xyz #174",411,213,585
"terra1pcsn2...6h8up4vd","xyz #1740",-69,-69,69
"terra1l386w...hhusjkfv","xyz #1741",2,3,5
"terra1eek0y...a60q2z2t","xyz #1742",-391,930,840
"terra1weljt...hzzmsvwy","xyz #1743",224,817,147
"terra13wh4p...fg7gekma","xyz #1744",0,7,0
"terra14peac...v4shmflf","xyz #1745",-1,-2,0
"terra15h94y...py97rtsk","xyz #1746",20,9,15
"terra14gqzv...7a3ej6dg","xyz #1747",6,0,0
"terra1vnfnp...wufzgeu5","xyz #1748",-644,-650,384
"terra1jtxed...lnxw9tw3","xyz #1749",7,7,14
"terra1htqqp...5a7vhhdl","xyz #175",589,114,715
"terra1nc6zc...lpxl85ka","xyz #1750",77,88,9
"terra1ctjmj...tkeskvlc","xyz #1751",13,17,23
"terra1tnlth...3376cv5g","xyz #1752",370,536,-35
"terra12fju7...u4p4pyu8","xyz #1753",166,-714,315
"terra1edh7n...lsjrq3fw","xyz #1754",-508,944,610
"terra1eek0y...a60q2z2t","xyz #1755",-424,-981,-12
"terra1dcxa0...ns3t5nnh","xyz #1756",-115,-88,-868
"terra1ctjmj...tkeskvlc","xyz #1757",526,-636,347
"terra1eek0y...a60q2z2t","xyz #1758",348,-314,547
"terra1appf3...2d4nh6la","xyz #1759",17,11,17
"terra1ddyju...c04ac0zf","xyz #176",211,931,-948
"terra1ga7x6...2afqntqh","xyz #1760",155,-918,-613
"terra13nxtk...ljxr9lm9","xyz #1761",20,15,27
"terra1a8dau...cmelhuu3","xyz #1762",8,4,0
"terra1suygc...wxl06z0v","xyz #1763",-9,4,90
"terra106m33...cxzlefnx","xyz #1764",-964,788,-988
"terra10kqsj...wp0ewdz9","xyz #1765",-40,-789,-547
"terra16z6au...qx25d697","xyz #1766",-216,-401,-365
"terra1kmmmm...nypr6kd4","xyz #1767",-42,-42,42
"terra17f3e8...upuuw57h","xyz #1768",37,-988,423
"terra1ug73m...al73nz27","xyz #1769",-101,-460,-978
"terra1dl5gp...5jxqqws7","xyz #177",500,500,500
"terra13qyw6...5ccj5c3g","xyz #1770",930,419,-612
"terra1ty0tr...uzjeyf42","xyz #1771",777,-979,291
"terra14s3ny...xp9qvadf","xyz #1772",-425,-538,734
"terra15p9jq...w6j7aj4u","xyz #1773",88,-8,-888
"terra155qs5...zk5py7fs","xyz #1774",-669,-669,-669
"terra19p2en...ykqa9553","xyz #1775",999,666,333
"terra1a3n5p...hnhs8ycu","xyz #1776",123,1000,1000
"terra1klkuu...7hvz8dks","xyz #1777",2,1,-1
"terra1fwg7j...e2a08jul","xyz #1778",-706,306,-664
"terra19mu2w...gk72gzvs","xyz #1779",-443,-900,357
"terra1dwlzs...djw562lh","xyz #178",7,8,9
"terra1f8ssq...kyx0d46f","xyz #1780",-857,-734,405
"terra1h5qx8...cq49j537","xyz #1781",-421,-308,834
"terra1sg7ag...c2uqvt24","xyz #1782",117,-330,203
"terra12s0yc...s073efaq","xyz #1783",121,-1,23
"terra1v3xvr...xx2ckg3a","xyz #1784",876,235,674
"terra1t37rv...rzukrq5u","xyz #1785",340,-931,51
"terra1p9y0k...35j4p8ha","xyz #1786",-358,906,-249
"terra18fj9h...phqds5se","xyz #1787",556,-637,296
"terra134yyh...752783rz","xyz #1788",-552,-13,-535
"terra1hgnj3...t08e89u2","xyz #1789",48,426,-852
"terra13eqfj...q0v2axv6","xyz #179",420,69,666
"terra1qqlu8...fc0u5y0c","xyz #1790",0,4,4
"terra1zdrgh...m9zkn6wx","xyz #1791",252,-100,-428
"terra1ms752...vn888wsn","xyz #1792",-2,0,1
"terra1ms752...vn888wsn","xyz #1793",395,109,459
"terra1mff8z...00lm8gpe","xyz #1794",100,201,302
"terra1ctjmj...tkeskvlc","xyz #1795",10,996,826
"terra1f9xyu...amldn477","xyz #1796",-219,237,931
"terra1z75yy...qc0ngur5","xyz #1797",-243,-761,-511
"terra1srvh4...30txryxw","xyz #1798",715,-280,880
"terra1wgs0s...3ek22x77","xyz #1799",-979,921,-607
"terra1muw9l...05hruq48","xyz #18",77,11,22
"terra1duhlf...htwq4flq","xyz #180",314,159,265
"terra1vfmat...suvz6uhn","xyz #1800",-91,-930,-328
"terra1j3v7m...pxxsfgmk","xyz #1801",557,555,555
"terra18ypvd...0fl4z04z","xyz #1802",473,163,643
"terra1djrjs...08p23yl6","xyz #1803",7,4,7
"terra1qjzel...j0sgfr8t","xyz #1804",254,-889,-80
"terra1ft55p...vhguyl0z","xyz #1805",-731,-892,545
"terra10qdrh...esnj6m24","xyz #1806",69,420,-69
"terra1qq65p...4tfud9pn","xyz #1807",10,15,94
"terra1nhv8v...maem0y5r","xyz #1808",23,25,27
"terra1e3r0e...p8qpnqgp","xyz #1809",822,2,3
"terra1eek0y...a60q2z2t","xyz #181",181,181,181
"terra194fkg...8rj2qmh8","xyz #1810",92,94,924
"terra1sdg2z...zz3laj0u","xyz #1811",8,888,8
"terra1ha5d2...gkgm9zae","xyz #1812",654,1000,674
"terra1jyut4...4yhr9xfa","xyz #1813",40,500,0
"terra1ctjmj...tkeskvlc","xyz #1814",777,777,-777
"terra1qnnw6...plu4wqez","xyz #1815",-780,-230,476
"terra18gl0z...vdr592ss","xyz #1816",-248,759,-804
"terra167d69...nlxx8ct4","xyz #1817",20,4,69
"terra1f8tn4...ejv4tupf","xyz #1818",887,888,888
"terra1jtxed...lnxw9tw3","xyz #1819",661,92,137
"terra1dx3nn...7p7kr8cs","xyz #182",468,54,3
"terra1s0xk5...u45y55x5","xyz #1820",526,-180,-843
"terra1cha68...rmr32t42","xyz #1821",585,-137,306
"terra1ux29s...e42tnj73","xyz #1822",-20,177,289
"terra14peac...v4shmflf","xyz #1823",883,-943,67
"terra12h6dd...ftnm7qv0","xyz #1824",-560,-876,-340
"terra15cm8n...wzmqfkjk","xyz #1825",69,0,-69
"terra1vp7gf...slqeyw32","xyz #1826",-345,456,789
"terra1x223p...f8furarm","xyz #1827",1000,233,111
"terra1eek0y...a60q2z2t","xyz #1828",-42,-380,952
"terra10dg3a...3m9l8ksw","xyz #1829",-295,-614,-621
"terra1tgpfq...xnqxtjsr","xyz #183",678,678,678
"terra12jzvf...gvp9y6e2","xyz #1830",858,858,858
"terra1urc2v...933u926m","xyz #1831",222,444,666
"terra1gt6nq...f630atpq","xyz #1832",921,-193,991
"terra16tsxz...qe3wde73","xyz #1833",-6,-420,-69
"terra1l62yv...pjgf2xfk","xyz #1834",11,1,3
"terra14vk89...5cx6hlxc","xyz #1835",-506,-805,351
"terra1vvugq...42jvvftq","xyz #1836",-33,-814,-609
"terra1py8h9...6fqsnyyu","xyz #1837",0,0,123
"terra1z320y...0jj6a98c","xyz #1838",8,8,-8
"terra1vkyz5...ygd79hhv","xyz #1839",493,275,-132
"terra1pds8p...rk0zvh2m","xyz #184",10,100,1000
"terra162cxa...w8pws625","xyz #1840",16,-857,458
"terra1dcxa0...ns3t5nnh","xyz #1841",-303,-531,-883
"terra1tq87m...3pu4dfk6","xyz #1842",55,22,33
"terra1kxxf2...p7jryn37","xyz #1843",404,404,404
"terra1pypcl...hnzuw2na","xyz #1844",13,81,9
"terra1gyvgp...7shnjgdw","xyz #1845",-8,-8,8
"terra1nudfd...f2l9tpjs","xyz #1846",737,772,-639
"terra1njv5r...kpr9rza6","xyz #1847",-914,890,-472
"terra1g4umu...fjpvgfdz","xyz #1848",-314,-961,22
"terra1fgczg...zpzqznws","xyz #1849",98,430,-769
"terra1jzkjv...ath2fzd3","xyz #185",-77,-77,-77
"terra14s3ny...xp9qvadf","xyz #1850",601,564,-770
"terra1ws4w8...9v55grvw","xyz #1851",604,-195,-669
"terra1kwztt...5klv4ky9","xyz #1852",807,-612,126
"terra1wnqgc...fxmsfjch","xyz #1853",547,541,644
"terra1vnfnp...wufzgeu5","xyz #1854",523,552,-777
"terra16xusw...y3pjm55x","xyz #1855",-602,-467,663
"terra1kh9e2...m7yq6avr","xyz #1856",-206,210,716
"terra1ctjmj...tkeskvlc","xyz #1857",-657,95,157
"terra18ud8c...tek874zv","xyz #1858",100,200,300
"terra167vu5...0rucdhau","xyz #1859",484,488,-886
"terra1x9gym...7q04vnxr","xyz #186",-888,888,888
"terra19vmgf...sc4tgeyk","xyz #1860",-1000,-100,-100
"terra17euul...jtj03gjz","xyz #1861",289,-410,458
"terra14sel4...e72v8fy7","xyz #1862",462,778,-57
"terra1vh9fg...3f4er2nc","xyz #1863",450,962,-452
"terra14pmna...tv8eezj7","xyz #1864",69,-69,96
"terra1afvm6...zxagpqgn","xyz #1865",339,-447,-708
"terra1z4xv7...5c7x4gjs","xyz #1866",0,9,0
"terra1vd204...elcjvgdl","xyz #1867",1,618,33
"terra10xhry...tufn36u6","xyz #1868",441,442,443
"terra14peac...v4shmflf","xyz #1869",-257,313,-669
"terra1eek0y...a60q2z2t","xyz #187",0,1,0
"terra1t04c0...0sqxsghw","xyz #1870",259,830,-40
"terra1hck4z...z70g28ks","xyz #1871",2,-250,-29
"terra1p4s04...qkfmu3hl","xyz #1872",-703,-38,-317
"terra1jtxed...lnxw9tw3","xyz #1873",21,21,21
"terra1wl8v7...4f07lg9s","xyz #1874",19,9,94
"terra1qq65p...4tfud9pn","xyz #1875",100,121,144
"terra12tk27...crvzw2d3","xyz #1876",1,8,41
"terra1prqmj...qqje3d55","xyz #1877",-501,-501,-501
"terra199jws...5r23922q","xyz #1878",99,99,90
"terra1gpzj5...f7dhfa0j","xyz #1879",384,-118,220
"terra1er6cy...4v48j7sj","xyz #188",777,777,776
"terra19mu2w...gk72gzvs","xyz #1880",-264,868,815
"terra1dx3nn...7p7kr8cs","xyz #1881",30,300,88
"terra1krgww...vzhhv94f","xyz #1882",88,0,88
"terra1lqd85...3tlcxqt7","xyz #1883",-640,895,-860
"terra1zkalk...fw9uwmx7","xyz #1884",-123,-321,123
"terra106m33...cxzlefnx","xyz #1885",-297,110,700
"terra1s0xk5...u45y55x5","xyz #1886",715,-160,-285
"terra1l386w...hhusjkfv","xyz #1887",7,11,13
"terra17zw45...0z72yqrq","xyz #1888",475,179,686
"terra13gky2...prveejw9","xyz #1889",-536,899,729
"terra14qfg0...6qt6q06m","xyz #189",23,24,25
"terra12wyah...f9j54gve","xyz #1890",802,578,474
"terra1y3vz5...l7vr8r6e","xyz #1891",999,999,-999
"terra1r77ns...ppg376ce","xyz #1892",34,24,35
"terra1ty0tr...uzjeyf42","xyz #1893",522,-753,-683
"terra1zdrgh...m9zkn6wx","xyz #1894",988,999,998
"terra1eek0y...a60q2z2t","xyz #1895",558,518,-809
"terra1hzpdw...hwse5hze","xyz #1896",93,5,12
"terra1fex2q...gpgn2sg4","xyz #1897",494,728,106
"terra12v8vr...mkgnq60j","xyz #1898",77,-777,77
"terra1fwg7j...e2a08jul","xyz #1899",-254,943,-496
"terra1ctjmj...tkeskvlc","xyz #19",19,2,992
"terra1fdjsf...fxcuavwl","xyz #190",99,99,99
"terra12gstu...2cta2v3v","xyz #1900",175,458,-468
"terra12fju7...u4p4pyu8","xyz #1901",-632,336,-980
"terra1netuw...slhx2ezs","xyz #1902",323,-715,862
"terra14s3ny...xp9qvadf","xyz #1903",-153,-153,164
"terra1jj7vf...r2w6zh88","xyz #1904",339,-754,-379
"terra1p9y0k...35j4p8ha","xyz #1905",654,245,654
"terra1tnlth...3376cv5g","xyz #1906",-143,367,236
"terra1jn3hm...xla2gcpn","xyz #1907",102,-387,467
"terra1x64fj...ucm0vffw","xyz #1908",-223,-169,197
"terra1eek0y...a60q2z2t","xyz #1909",18,23,102
"terra1vje06...zvlayjey","xyz #191",4,7,0
"terra188xff...8gxuhdx7","xyz #1910",8,1,8
"terra1kwztt...5klv4ky9","xyz #1911",33,77,-33
"terra1xt4xf...q59qpf02","xyz #1912",954,187,265
"terra14peac...v4shmflf","xyz #1913",11,1,11
"terra1vp7gf...slqeyw32","xyz #1914",-100,-100,100
"terra1gt6nq...f630atpq","xyz #1915",-967,223,-9
"terra1fgczg...zpzqznws","xyz #1916",265,748,231
"terra1h0u9n...lakyv7s0","xyz #1917",125,125,125
"terra1e9khh...s5ljlzm7","xyz #1918",-11,-22,-33
"terra162kt3...8ts7y4ee","xyz #1919",0,0,-7
"terra1uvvkw...2p96yyyn","xyz #192",19,20,21
"terra1x223p...f8furarm","xyz #1920",1000,554,450
"terra1g4umu...fjpvgfdz","xyz #1921",-730,651,-993
"terra1p9y0k...35j4p8ha","xyz #1922",418,936,44
"terra1mqm9z...nh3pjwwg","xyz #1923",-606,474,-808
"terra1dcxa0...ns3t5nnh","xyz #1924",-481,-301,65
"terra1luv47...j5xluz5x","xyz #1925",15,40,54
"terra1cha68...rmr32t42","xyz #1926",585,-137,307
"terra19mu2w...gk72gzvs","xyz #1927",490,-586,-751
"terra1pypcl...hnzuw2na","xyz #1928",97,1,5
"terra1ckn69...wklzwgxe","xyz #1929",-420,-666,-69
"terra18pn3x...jf4ug27v","xyz #193",-354,341,-959
"terra1g5jz8...060dmx5j","xyz #1930",0,8,0
"terra1mvvpn...eqepdvkm","xyz #1931",36,24,36
"terra1klkuu...7hvz8dks","xyz #1932",96,-634,621
"terra1us769...33gjgt7m","xyz #1933",565,999,565
"terra1h5qx8...cq49j537","xyz #1934",-212,643,-856
"terra1sg7ag...c2uqvt24","xyz #1935",-21,658,-146
"terra1vnfnp...wufzgeu5","xyz #1936",-978,-596,608
"terra18fj9h...phqds5se","xyz #1937",-948,236,780
"terra1hck4z...z70g28ks","xyz #1938",4,26,83
"terra1jyhel...8c34hlwx","xyz #1939",-837,-948,765
"terra1umcmn...wymg43qq","xyz #194",23,4,19
"terra1uhpgu...2q48kv89","xyz #1940",-90,233,920
"terra1ws4w8...9v55grvw","xyz #1941",-497,-700,-125
"terra1qntzv...ke0zl43t","xyz #1942",-356,-675,-791
"terra1k4uek...eccxx80q","xyz #1943",324,808,-771
"terra1f9xyu...amldn477","xyz #1944",236,568,-291
"terra1xkghp...4vzqx5tz","xyz #1945",123,-456,789
"terra1vfmat...suvz6uhn","xyz #1946",-605,-146,-460
"terra1pypcl...hnzuw2na","xyz #1947",259,-554,873
"terra1htjqn...vk8axh34","xyz #1948",800,800,800
"terra1p820t...9fp5jtvv","xyz #1949",25,26,27
"terra1wetyp...zhjk5vwc","xyz #195",16,16,16
"terra1gkkge...f6r2z3z6","xyz #1950",971,730,207
"terra1eek0y...a60q2z2t","xyz #1951",-959,909,163
"terra1ux29s...e42tnj73","xyz #1952",441,295,-22
"terra1nel3m...4hmgdvmy","xyz #1953",11,15,16
"terra10dg3a...3m9l8ksw","xyz #1954",-206,-110,174
"terra1srvh4...30txryxw","xyz #1955",-111,-212,123
"terra1vkyz5...ygd79hhv","xyz #1956",332,-159,-97
"terra1kt8lu...pujp0zaq","xyz #1957",-999,-948,-716
"terra1ms752...vn888wsn","xyz #1958",404,44,42
"terra19ck3q...q2xzmgvv","xyz #1959",88,18,888
"terra1ah5hk...tmkgpltc","xyz #196",308,-8,-831
"terra1f7xu6...nx9y5v05","xyz #1960",623,781,-684
"terra1v3xvr...xx2ckg3a","xyz #1961",555,666,123
"terra1l9pef...uxny92sr","xyz #1962",603,-552,-120
"terra1p7gp5...uv72802v","xyz #1963",-490,-721,-361
"terra13qyw6...5ccj5c3g","xyz #1964",-713,856,270
"terra1hgnj3...t08e89u2","xyz #1965",738,176,-533
"terra1eek0y...a60q2z2t","xyz #1966",-854,-97,-924
"terra1eek0y...a60q2z2t","xyz #1967",231,312,442
"terra190fvt...vkwkyfc7","xyz #1968",359,354,116
"terra1vp7gf...slqeyw32","xyz #1969",987,-666,-420
"terra1e8jyd...f24kczf2","xyz #197",3,2,1
"terra1zdrgh...m9zkn6wx","xyz #1970",-912,-821,-105
"terra1zr2r5...feh9qm77","xyz #1971",881,3,964
"terra14h98f...y4xhfgt9","xyz #1972",473,-508,-891
"terra1pypcl...hnzuw2na","xyz #1973",0,0,6
"terra1s0xk5...u45y55x5","xyz #1974",406,-406,-406
"terra14vk89...5cx6hlxc","xyz #1975",-506,-805,354
"terra1qnnw6...plu4wqez","xyz #1976",-608,-250,-557
"terra1chz4t...c0vxzv3c","xyz #1977",357,72,816
"terra1jtxed...lnxw9tw3","xyz #1978",85,85,85
"terra12wyah...f9j54gve","xyz #1979",598,437,129
"terra1jdnjf...0s8tpsau","xyz #198",-628,-429,429
"terra18ud8c...tek874zv","xyz #1980",12,26,97
"terra1z4xv7...5c7x4gjs","xyz #1981",-790,359,-437
"terra1fwg7j...e2a08jul","xyz #1982",-767,-514,-755
"terra14rhxm...upn92yfc","xyz #1983",1,1,9
"terra1f8tn4...ejv4tupf","xyz #1984",-888,-888,-887
"terra1jtxed...lnxw9tw3","xyz #1985",781,559,725
"terra1z4s45...alsfc5gf","xyz #1986",450,-700,-35
"terra1uhqn6...smc5cnrj","xyz #1987",342,346,679
"terra1nudfd...f2l9tpjs","xyz #1988",932,-900,-29
"terra18gl0z...vdr592ss","xyz #1989",-435,-132,709
"terra1sjsvf...kcf8rwss","xyz #199",0,1,3
"terra1q5cke...hunmt8u7","xyz #1990",181,627,-353
"terra16ll82...7e9ha6pp","xyz #1991",911,237,-483
"terra1ctjmj...tkeskvlc","xyz #1992",-30,428,-519
"terra12v8vr...mkgnq60j","xyz #1993",-391,487,-571
"terra1wnqgc...fxmsfjch","xyz #1994",275,422,455
"terra17fjfl...jhw68z9y","xyz #1995",111,11,1
"terra1eek0y...a60q2z2t","xyz #1996",-690,-109,1000
"terra1xlv6y...fytx0cwt","xyz #1997",11,11,111
"terra14uf7n...0c7s907y","xyz #1998",44,44,44
"terra1sfymp...l97mnsxg","xyz #1999",106,-451,-374
"terra1z320y...0jj6a98c","xyz #2",888,888,888
"terra19z4t6...3tut0xqz","xyz #20",221,-174,256
"terra1g43lp...5m0t5d7f","xyz #200",36,15,21
"terra1appf3...2d4nh6la","xyz #2000",12,12,999
"terra1737hv...flutppkm","xyz #201",-17,-17,-17
"terra1j5sdr...6npgghg6","xyz #202",-913,-183,-663
"terra10c3ee...mg9dxp8a","xyz #203",7,7,777
"terra1ej86f...gpp27yyy","xyz #204",11,23,58
"terra159t95...6k568jxt","xyz #205",-854,307,-681
"terra1z75w0...fdjsxpj5","xyz #206",6,-6,6
"terra1ww9jm...xzengqer","xyz #207",1,3,-9
"terra1vcwer...v4x6hxrq","xyz #208",546,-637,-97
"terra1eek0y...a60q2z2t","xyz #209",777,444,747
"terra1cm3pa...x5hwr2k4","xyz #21",3,19,90
"terra1pk5z9...cy97cjwc","xyz #210",5,25,81
"terra1q36ej...3a62z0wl","xyz #211",139,39,-292
"terra1la8p2...zvur94d6","xyz #212",209,-939,-861
"terra1pypcl...hnzuw2na","xyz #213",150,150,150
"terra1eek0y...a60q2z2t","xyz #214",-420,-420,-420
"terra1gt6nq...f630atpq","xyz #215",-66,80,-317
"terra14996w...5egm5wyj","xyz #216",-51,187,635
"terra1qzkrt...gfh3whfy","xyz #217",664,250,579
"terra1n8uta...fws9kymc","xyz #218",154,-735,183
"terra1q2fss...wga3dd2j","xyz #219",-375,-666,821
"terra1eek0y...a60q2z2t","xyz #22",100,100,100
"terra1syluk...0knrst6l","xyz #220",475,-771,-505
"terra1kz0wu...eq29w7wc","xyz #221",-443,164,-401
"terra1hjqxl...ck02vzzv","xyz #222",555,555,555
"terra1y689l...ws8pq7tg","xyz #223",13,6,969
"terra13ht0q...2z8qjfw7","xyz #224",0,2,1
"terra1l6jfd...6lzfraal","xyz #225",69,420,0
"terra1jtxed...lnxw9tw3","xyz #226",652,909,256
"terra1muw9l...05hruq48","xyz #227",28,7,43
"terra1ymc59...ze7tsve9","xyz #228",-999,745,-995
"terra1a6rsc...mqfcusdj","xyz #229",-27,50,777
"terra1yvs4n...57shyn9j","xyz #23",3,0,3
"terra145hzc...5svf5cr5","xyz #230",112,112,112
"terra1eek0y...a60q2z2t","xyz #231",1,6,8
"terra1nzug2...tdeutxm9","xyz #232",-193,-539,982
"terra1nz5nj...pzcafw3q","xyz #233",4,913,80
"terra1muw9l...05hruq48","xyz #234",69,420,420
"terra1j5sdr...6npgghg6","xyz #235",20,-870,832
"terra10py7v...0redxkjs","xyz #236",69,200,0
"terra1dyh99...65695309","xyz #237",135,265,10
"terra1tt9kk...8zdn72wq","xyz #238",6,3,3
"terra1xvc39...ljrld8qx","xyz #239",-777,-777,-777
"terra122443...utnpue5g","xyz #24",26,56,3
"terra1v22rv...yex6kym7","xyz #240",44,-91,254
"terra1gu6p0...5dhlt3sp","xyz #241",-995,-550,-570
"terra1eek0y...a60q2z2t","xyz #242",8,8,88
"terra1wwskx...5xe54c3x","xyz #243",999,999,999
"terra1ckn69...wklzwgxe","xyz #244",77,529,60
"terra18rm4a...x55dl90t","xyz #245",0,0,69
"terra1qwzuf...zhfkm9m9","xyz #246",888,888,88
"terra1k7vsm...xm504mwf","xyz #247",100,10,1
"terra1eek0y...a60q2z2t","xyz #248",-1000,-1000,-1000
"terra1wjmyd...gfynkkl6","xyz #249",-574,-661,-707
"terra1zecpu...9n3cyz4x","xyz #25",3,3,3
"terra17epry...zx2qzduc","xyz #250",-798,-627,-105
"terra1wvau9...6ns3we6w","xyz #251",160,61,980
"terra1jzkjv...ath2fzd3","xyz #252",-7,7,-7
"terra1wwgqj...099vvdej","xyz #253",239,-969,643
"terra1zgm9c...udpunrn7","xyz #254",-214,-484,-276
"terra1cha68...rmr32t42","xyz #255",395,-275,-94
"terra19u5fr...ev6q6dlr","xyz #256",111,223,122
"terra1ulqv9...qcua2kev","xyz #257",117,117,117
"terra1duhlf...htwq4flq","xyz #258",-111,-111,-111
"terra1368yg...ppur6k4l","xyz #259",21,9,96
"terra13ht0q...2z8qjfw7","xyz #26",30,9,21
"terra1ddyju...c04ac0zf","xyz #260",-831,-434,815
"terra1qtqyn...yz53xlqu","xyz #261",-420,-69,-69
"terra1xlv6y...fytx0cwt","xyz #262",-13,-13,-13
"terra1pvd6v...vnp6yau7","xyz #263",-5,1,5
"terra1gt9yt...9v6l74x4","xyz #264",88,888,-88
"terra1duewm...4k94xp4h","xyz #265",19,12,94
"terra1qc0cg...m0ycstxh","xyz #266",64,64,64
"terra146kpf...tkmaz749","xyz #267",10,12,15
"terra1lxv3l...l5ey3ypz","xyz #268",334,266,874
"terra1tgpfq...xnqxtjsr","xyz #269",-243,145,-760
"terra1ew88e...xp6wsf76","xyz #27",420,420,420
"terra1cqk7j...xzzpaecj","xyz #270",1,2,1
"terra10ppp6...cvv8arha","xyz #271",14,14,14
"terra1ugesq...nxc705x3","xyz #272",22,12,84
"terra1uqrv0...fzm3207m","xyz #273",-3,-3,-3
"terra1cpqu8...8ttlpwm4","xyz #274",789,-676,-223
"terra1ej86f...gpp27yyy","xyz #275",-10,-28,-57
"terra19z4t6...3tut0xqz","xyz #276",-414,350,500
"terra1l5dx7...0acc0lc5","xyz #277",199,-178,607
"terra1py8h9...6fqsnyyu","xyz #278",44,614,769
"terra1uy63s...kt8w702m","xyz #279",88,88,888
"terra1lj9as...6pe0g3ds","xyz #28",8,8,8
"terra1kah8q...ryudg9xl","xyz #280",792,837,-499
"terra1w9vzn...k6xpvuu8","xyz #281",0,0,2
"terra152nmp...9w5474yv","xyz #282",22,22,22
"terra1vcwer...v4x6hxrq","xyz #283",-689,-560,42
"terra1737hv...flutppkm","xyz #284",-7,17,777
"terra1jtxed...lnxw9tw3","xyz #285",-69,69,69
"terra18pn3x...jf4ug27v","xyz #286",-457,505,553
"terra1dwlzs...djw562lh","xyz #287",10,11,12
"terra1ah5hk...tmkgpltc","xyz #288",-865,-278,-571
"terra1uvvkw...2p96yyyn","xyz #289",20,21,19
"terra1evnk8...w3v24e6c","xyz #29",9,30,21
"terra122443...utnpue5g","xyz #290",-99,-99,-99
"terra13ln5l...wduqly0v","xyz #291",333,333,333
"terra1u7als...ehl2rje8","xyz #292",50,50,50
"terra1zmqxy...7h6r3cj0","xyz #293",307,248,115
"terra19u5fr...ev6q6dlr","xyz #294",-1,-1,0
"terra1j5sdr...6npgghg6","xyz #295",-1,-1,1
"terra1nl0m5...2ewn52nq","xyz #296",1,1,0
"terra1fhv4r...tnq5dntv","xyz #297",2,9,79
"terra1eajr2...5a9hc4hl","xyz #298",0,-6,-9
"terra1cm3pa...x5hwr2k4","xyz #299",4,28,90
"terra1q2fss...wga3dd2j","xyz #3",17,17,17
"terra1zj4vc...36a9wlk5","xyz #30",5,5,5
"terra19ck3q...q2xzmgvv","xyz #300",251,929,30
"terra10xhry...tufn36u6","xyz #301",291,84,-493
"terra1gt6nq...f630atpq","xyz #302",-124,98,-499
"terra14dlf3...qlpm09hd","xyz #303",49,49,49
"terra1m4paf...xjxwqfdq","xyz #304",20,7,969
"terra1nsn8p...xsv4rgmu","xyz #305",21,2,86
"terra1q36ej...3a62z0wl","xyz #306",-523,389,-635
"terra1jzkjv...ath2fzd3","xyz #307",77,-77,77
"terra1wtjfa...0ep2qqn3","xyz #308",24,12,24
"terra1lxv3l...l5ey3ypz","xyz #309",-130,660,-188
"terra17u9un...qdg4ptcr","xyz #31",9,9,9
"terra196zmf...sn5udtfg","xyz #310",-420,-420,420
"terra1n8uta...fws9kymc","xyz #311",999,1,999
"terra13vwar...gzjp5qx6","xyz #312",323,-407,-51
"terra1utcuv...5melr9a0","xyz #313",14,4,1
"terra1pds8p...rk0zvh2m","xyz #314",3,-3,3
"terra1wvau9...6ns3we6w","xyz #315",1,33,7
"terra16xfka...9mtrprjh","xyz #316",7,77,777
"terra1yhluk...5lrx74f2","xyz #317",6,66,666
"terra1duxff...fxy4v0f7","xyz #318",785,-871,-406
"terra1pk5z9...cy97cjwc","xyz #319",2,13,84
"terra13nxtk...ljxr9lm9","xyz #32",27,99,15
"terra17u9un...qdg4ptcr","xyz #320",1,1,-1
"terra15t0yg...juxmrdmz","xyz #321",69,-69,-69
"terra1eek0y...a60q2z2t","xyz #322",9,1,221
"terra1lxv3l...l5ey3ypz","xyz #323",9,5,6
"terra1er6cy...4v48j7sj","xyz #324",444,222,444
"terra14px7r...4x9dz9zx","xyz #325",81,30,11
"terra1l3g65...03lf48yy","xyz #326",18,28,22
"terra1dj2wy...nuxw5axd","xyz #327",215,-620,-186
"terra1ymc59...ze7tsve9","xyz #328",774,58,49
"terra1y689l...ws8pq7tg","xyz #329",9,12,18
"terra1vcwer...v4x6hxrq","xyz #33",-13,147,-338
"terra1z3elf...rzu5fsqh","xyz #330",420,420,-420
"terra1hdc7m...uw2u0adh","xyz #331",24,8,69
"terra1eek0y...a60q2z2t","xyz #332",12,24,36
"terra1l2tgy...59s4w8z7","xyz #333",539,462,747
"terra1a3xa9...sx4sljgy","xyz #334",952,898,-589
"terra1cqk7j...xzzpaecj","xyz #335",-19,80,15
"terra1xlm68...9jvlakcw","xyz #336",-361,-268,-594
"terra1qwzuf...zhfkm9m9","xyz #337",888,88,888
"terra1nzmms...pg3rdkgv","xyz #338",570,232,451
"terra1djrjs...08p23yl6","xyz #339",-888,888,-888
"terra1rrljz...hhnhurpe","xyz #34",69,668,420
"terra1sjsvf...kcf8rwss","xyz #340",1,0,2
"terra14rpml...u0c5m5cm","xyz #341",-727,205,111
"terra1f8tn4...ejv4tupf","xyz #342",888,888,0
"terra1e3r0e...p8qpnqgp","xyz #343",-513,752,-239
"terra1z320y...0jj6a98c","xyz #344",42,0,69
"terra19tl88...k7p62zpy","xyz #345",69,0,420
"terra1ej6xq...vrslz7w3","xyz #346",177,822,678
"terra1jdnjf...0s8tpsau","xyz #347",-904,-1,-838
"terra1rnkm4...55uxjmvs","xyz #348",-862,979,172
"terra1xvc39...ljrld8qx","xyz #349",-7,-7,-7
"terra1q2fss...wga3dd2j","xyz #35",10,9,13
"terra1a9lnc...g4d03qtc","xyz #350",6,9,90
"terra1fhv7d...wmt7ls66","xyz #351",0,0,9
"terra1q36ej...3a62z0wl","xyz #352",561,25,236
"terra1eph3s...ptw4k6pa","xyz #353",888,88,8
"terra19z4t6...3tut0xqz","xyz #354",1,2,6
"terra1wl8v7...4f07lg9s","xyz #355",-124,587,814
"terra1gt6nq...f630atpq","xyz #356",369,-652,-1
"terra1pk5z9...cy97cjwc","xyz #357",12,5,81
"terra1ms752...vn888wsn","xyz #358",-342,647,-322
"terra1ah5hk...tmkgpltc","xyz #359",480,-40,869
"terra1ugv30...xy998qvr","xyz #36",77,77,77
"terra1zgm9c...udpunrn7","xyz #360",368,409,-505
"terra14996w...5egm5wyj","xyz #361",-530,497,-659
"terra1jzkjv...ath2fzd3","xyz #362",777,-777,777
"terra1ws4w8...9v55grvw","xyz #363",1,0,0
"terra1j5sdr...6npgghg6","xyz #364",-1,1,1
"terra1vcwer...v4x6hxrq","xyz #365",-153,989,-838
"terra18jaw2...8er007d4","xyz #366",666,666,667
"terra1ec4zh...jfyvymtp","xyz #367",-420,-69,-420
"terra1duhlf...htwq4flq","xyz #368",18,18,18
"terra1wjmyd...gfynkkl6","xyz #369",-1,1,-1
"terra18v070...4q8zf7xg","xyz #37",4,20,69
"terra1yvs4n...57shyn9j","xyz #370",31,6,555
"terra1qtqyn...yz53xlqu","xyz #371",171,-936,-986
"terra14dlf3...qlpm09hd","xyz #372",444,444,444
"terra1m73xv...nzwtzkd6","xyz #373",-690,420,-690
"terra1ej86f...gpp27yyy","xyz #374",-6,-22,-55
"terra1uy63s...kt8w702m","xyz #375",-423,223,-159
"terra1cha68...rmr32t42","xyz #376",4,7,8
"terra1xlm68...9jvlakcw","xyz #377",-455,728,721
"terra18upnm...259nw8ay","xyz #378",-420,-420,-69
"terra1737hv...flutppkm","xyz #379",-7,17,-777
"terra1gu6p0...5dhlt3sp","xyz #38",-646,840,-974
"terra1zkalk...fw9uwmx7","xyz #380",11,4,96
"terra1duxff...fxy4v0f7","xyz #381",69,69,-69
"terra12v8vr...mkgnq60j","xyz #382",26,8,82
"terra1hdc7m...uw2u0adh","xyz #383",420,1,8
"terra12yznk...w726qetz","xyz #384",28,1,18
"terra1ugesq...nxc705x3","xyz #385",222,222,222
"terra196zmf...sn5udtfg","xyz #386",1000,-1000,1000
"terra18pn3x...jf4ug27v","xyz #387",193,192,497
"terra1v3xvr...xx2ckg3a","xyz #388",751,-714,-636
"terra13wh4p...fg7gekma","xyz #389",696,969,696
"terra1htqqp...5a7vhhdl","xyz #39",5,6,7
"terra1a3njt...4yccgk3t","xyz #390",22,6,17
"terra1ymc59...ze7tsve9","xyz #391",-953,-796,-28
"terra1eek0y...a60q2z2t","xyz #392",0,0,-1
"terra1qq65p...4tfud9pn","xyz #393",-8,-88,-888
"terra1w2zgt...5crpaxxv","xyz #394",28,496,6
"terra10yasf...smx2vrsx","xyz #395",420,690,69
"terra16q4ad...g2pyt8xk","xyz #396",24,24,24
"terra10xhry...tufn36u6","xyz #397",280,-641,-104
"terra1eek0y...a60q2z2t","xyz #398",777,888,999
"terra138r38...s7tz49jl","xyz #399",6,12,95
"terra1eek0y...a60q2z2t","xyz #4",7,7,7
"terra1n9lu2...x743wjcy","xyz #40",666,420,69
"terra1ms752...vn888wsn","xyz #400",38,60,47
"terra1zj4vc...36a9wlk5","xyz #401",66,66,66
"terra19u5fr...ev6q6dlr","xyz #402",0,1,1
"terra1dj2wy...nuxw5axd","xyz #403",2,1,1
"terra10yu3a...av7cxjqu","xyz #404",416,905,437
"terra13guuy...0ne6y468","xyz #405",69,-69,69
"terra1x0egd...pddeadd6","xyz #406",888,268,828
"terra1ew88e...xp6wsf76","xyz #407",-1000,1000,1000
"terra1djrjs...08p23yl6","xyz #408",-666,-666,-666
"terra1nl0m5...2ewn52nq","xyz #409",0,1,9
"terra1eajr2...5a9hc4hl","xyz #41",4,2,0
"terra1wl8v7...4f07lg9s","xyz #410",69,-420,420
"terra1ddyju...c04ac0zf","xyz #411",276,-788,-902
"terra1eek0y...a60q2z2t","xyz #412",1,0,8
"terra1j4mgg...s6d77dcd","xyz #413",69,888,888
"terra19z4t6...3tut0xqz","xyz #414",3,1,0
"terra1duewm...4k94xp4h","xyz #415",1,12,94
"terra1krgww...vzhhv94f","xyz #416",10,20,30
"terra1dx3nn...7p7kr8cs","xyz #417",1000,1000,-1000
"terra1tf7j9...ky6awznj","xyz #418",0,0,1000
"terra1y5ycm...ggj6agqx","xyz #419",-228,-352,-117
"terra1srvh4...30txryxw","xyz #42",-299,827,-863
"terra1uvvkw...2p96yyyn","xyz #420",-123,-456,-789
"terra1wvau9...6ns3we6w","xyz #421",250,51,984
"terra1q36ej...3a62z0wl","xyz #422",-392,-790,878
"terra1jzkjv...ath2fzd3","xyz #423",-7,7,7
"terra1gt6nq...f630atpq","xyz #424",-859,527,628
"terra1ej6xq...vrslz7w3","xyz #425",458,-557,-990
"terra1xn35q...0hqgc0fc","xyz #426",512,512,512
"terra1l20jh...tqrlqt07","xyz #427",8,-8,8
"terra1eek0y...a60q2z2t","xyz #428",-999,-999,-999
"terra1xfhdq...x6akrhch","xyz #429",444,777,333
"terra1vhlv9...dz4ss782","xyz #43",-1,-1,-1
"terra1zmqxy...7h6r3cj0","xyz #430",537,122,-207
"terra13ymkt...g74yw8v4","xyz #431",1000,-1000,555
"terra13s9zd...cl95fcjc","xyz #432",-88,-88,-88
"terra1qtqyn...yz53xlqu","xyz #433",-206,853,-383
"terra1hk9fe...656emex7","xyz #434",535,-258,195
"terra1py8h9...6fqsnyyu","xyz #435",-525,-164,-300
"terra16xfka...9mtrprjh","xyz #436",7,77,778
"terra1jdnjf...0s8tpsau","xyz #437",9,1,1
"terra1qqlu8...fc0u5y0c","xyz #438",444,-404,991
"terra16gcah...lwnmuzav","xyz #439",420,69,-369
"terra1z75yy...qc0ngur5","xyz #44",661,0,0
"terra1lxv3l...l5ey3ypz","xyz #440",384,135,-786
"terra1zgzp2...8vhtt5m4","xyz #441",-687,120,-98
"terra1l3g65...03lf48yy","xyz #442",173,324,181
"terra196zmf...sn5udtfg","xyz #443",-855,493,32
"terra1zy66p...ysv6mldy","xyz #444",420,0,69
"terra1mavu8...hps7rf6r","xyz #445",-3,0,-3
"terra1e8jyd...f24kczf2","xyz #446",0,23,0
"terra1sjsvf...kcf8rwss","xyz #447",0,-1,1
"terra10yu3a...av7cxjqu","xyz #448",103,472,148
"terra1duhlf...htwq4flq","xyz #449",65,43,21
"terra1eek0y...a60q2z2t","xyz #45",-649,-563,-89
"terra1uhpgu...2q48kv89","xyz #450",1,-2,3
"terra1cgm2m...lv560v4c","xyz #451",101,202,303
"terra17u9un...qdg4ptcr","xyz #452",-1,0,0
"terra19u5fr...ev6q6dlr","xyz #453",169,-169,169
"terra1ddyju...c04ac0zf","xyz #454",643,329,-732
"terra14996w...5egm5wyj","xyz #455",1,-1,-1
"terra18rm4a...x55dl90t","xyz #456",701,-501,-635
"terra1w9vzn...k6xpvuu8","xyz #457",0,0,1
"terra13vwar...gzjp5qx6","xyz #458",1,2,345
"terra1cm3pa...x5hwr2k4","xyz #459",10,10,1000
"terra10c3ee...mg9dxp8a","xyz #46",555,444,222
"terra1dj2wy...nuxw5axd","xyz #460",309,832,-911
"terra1pk5z9...cy97cjwc","xyz #461",27,73,23
"terra1va7ck...vt5a73r9","xyz #462",19,8,27
"terra14996w...5egm5wyj","xyz #463",540,22,410
"terra1eek0y...a60q2z2t","xyz #464",-423,-62,152
"terra1zcva9...rxtf27ug","xyz #465",69,69,999
"terra1737hv...flutppkm","xyz #466",-7,-17,-317
"terra1eek0y...a60q2z2t","xyz #467",3,5,9
"terra1djrjs...08p23yl6","xyz #468",-35,370,786
"terra1j9lpe...w88l6x0z","xyz #469",69,420,314
"terra1py8h9...6fqsnyyu","xyz #47",714,-538,737
"terra1ntyv4...a62au700","xyz #470",10,9,1
"terra1nsm9k...8r3ucwsl","xyz #471",666,-666,666
"terra1wwskx...5xe54c3x","xyz #472",-1000,1000,-1000
"terra10dkxg...v7lxu42c","xyz #473",255,255,255
"terra1wxg59...6039x8fx","xyz #474",-991,-103,103
"terra1j4mgg...s6d77dcd","xyz #475",8,88,888
"terra15g6qn...ayr2rjfs","xyz #476",132,-885,-307
"terra1dwlzs...djw562lh","xyz #477",-760,-857,-92
"terra1h9fwu...jx3lfhlm","xyz #478",2,10,19
"terra1k7vsm...xm504mwf","xyz #479",619,619,619
"terra1utcuv...5melr9a0","xyz #48",90,60,90
"terra1duewm...4k94xp4h","xyz #480",-12,-12,-12
"terra1gt9yt...9v6l74x4","xyz #481",2,5,16
"terra192mhn...lj2qq3q2","xyz #482",682,691,822
"terra1xvc39...ljrld8qx","xyz #483",7,7,-7
"terra14dlf3...qlpm09hd","xyz #484",78,78,78
"terra1x0egd...pddeadd6","xyz #485",268,268,268
"terra1tgpfq...xnqxtjsr","xyz #486",300,508,884
"terra145hzc...5svf5cr5","xyz #487",-1,-2,-3
"terra1cha68...rmr32t42","xyz #488",-517,-640,557
"terra1kah8q...ryudg9xl","xyz #489",69,-420,-69
"terra1qcpvv...lq965gd6","xyz #49",39,-85,70
"terra15f2wp...rftrrupf","xyz #490",1,1,3
"terra14rpml...u0c5m5cm","xyz #491",246,-660,-804
"terra1wjmyd...gfynkkl6","xyz #492",69,690,69
"terra19mu2w...gk72gzvs","xyz #493",-1,0,1
"terra10py7v...0redxkjs","xyz #494",420,-420,420
"terra19u5fr...ev6q6dlr","xyz #495",42,-42,42
"terra16xfka...9mtrprjh","xyz #496",7,77,779
"terra1ew88e...xp6wsf76","xyz #497",1,-1,1
"terra1g2wx0...skkdjncz","xyz #498",-420,-69,-13
"terra1w8ep0...ywwv6lfn","xyz #499",-77,7,777
"terra1p820t...9fp5jtvv","xyz #5",1,1,1
"terra1uvvkw...2p96yyyn","xyz #50",21,19,20
"terra1zys98...60yfac74","xyz #500",1000,0,0
"terra1dx3nn...7p7kr8cs","xyz #501",-503,-321,-430
"terra1z320y...0jj6a98c","xyz #502",-42,0,-69
"terra1py8h9...6fqsnyyu","xyz #503",-919,988,57
"terra1zmyz8...vh70pnn6","xyz #504",21,2,20
"terra1zmqxy...7h6r3cj0","xyz #505",427,241,43
"terra1n8uta...fws9kymc","xyz #506",376,493,-259
"terra1eek0y...a60q2z2t","xyz #507",-463,520,774
"terra1987x0...gwwk72gl","xyz #508",222,111,333
"terra15py09...32gtqmc8","xyz #509",500,100,1000
"terra1wjmyd...gfynkkl6","xyz #51",42,42,42
"terra1xn35q...0hqgc0fc","xyz #510",256,256,256
"terra1ju9xe...3s0rvl8q","xyz #511",31,12,93
"terra1ej6xq...vrslz7w3","xyz #512",-13,-13,-69
"terra1l2tgy...59s4w8z7","xyz #513",69,420,474
"terra1va7ck...vt5a73r9","xyz #514",14,8,27
"terra10yasf...smx2vrsx","xyz #515",690,69,420
"terra1wtjfa...0ep2qqn3","xyz #516",4,4,4
"terra14996w...5egm5wyj","xyz #517",2,4,8
"terra1hdc7m...uw2u0adh","xyz #518",420,420,1
"terra1qtqyn...yz53xlqu","xyz #519",123,-123,123
"terra1c0nyw...emwym347","xyz #52",-883,-475,-142
"terra17v5wg...m7l4ytkg","xyz #520",1,12,11
"terra1ymc59...ze7tsve9","xyz #521",721,721,721
"terra18pn3x...jf4ug27v","xyz #522",-629,815,883
"terra1f5ec8...paagf68z","xyz #523",128,228,328
"terra1fnscu...v7s2kt5a","xyz #524",84,11,7
"terra1zj4vc...36a9wlk5","xyz #525",-5,-5,-5
"terra1muw9l...05hruq48","xyz #526",73,12,124
"terra1k7hkj...7aqrc4pw","xyz #527",-1000,0,1000
"terra10yxan...fe0pm3xa","xyz #528",-9,-9,-9
"terra1md4x6...v288k7ap","xyz #529",110,-495,-945
"terra1jtxed...lnxw9tw3","xyz #53",-690,690,690
"terra1q36ej...3a62z0wl","xyz #530",-232,126,-236
"terra1qjzel...j0sgfr8t","xyz #531",16,7,2
"terra1zkalk...fw9uwmx7","xyz #532",-420,420,69
"terra1utcuv...5melr9a0","xyz #533",1,11,14
"terra1ugesq...nxc705x3","xyz #534",444,150,250
"terra14peac...v4shmflf","xyz #535",-440,-500,-385
"terra1tgpfq...xnqxtjsr","xyz #536",671,-371,-971
"terra192mhn...lj2qq3q2","xyz #537",-911,989,28
"terra1zy66p...ysv6mldy","xyz #538",555,666,777
"terra19m40u...cllmdx4p","xyz #539",188,412,835
"terra1xf4mr...4nx57jzu","xyz #54",69,4,20
"terra13wh4p...fg7gekma","xyz #540",111,222,333
"terra1cpqu8...8ttlpwm4","xyz #541",-823,-378,284
"terra1fesej...emkpwaan","xyz #542",33,33,33
"terra1q2fss...wga3dd2j","xyz #543",17,10,17
"terra1n8uta...fws9kymc","xyz #544",2,25,92
"terra1j8lm0...qtjcq58z","xyz #545",26,10,87
"terra1ccwqw...24gq2hmt","xyz #546",1,0,1
"terra1zgzp2...8vhtt5m4","xyz #547",-358,-620,-412
"terra1eph3s...ptw4k6pa","xyz #548",115,-58,107
"terra1l5dx7...0acc0lc5","xyz #549",-31,942,897
"terra1fhv4r...tnq5dntv","xyz #55",8,16,32
"terra10dkxg...v7lxu42c","xyz #550",30,7,95
"terra1pvd6v...vnp6yau7","xyz #551",2,-2,1
"terra1zys98...60yfac74","xyz #552",0,1000,0
"terra13qyw6...5ccj5c3g","xyz #553",5,5,6
"terra146g0c...sel7agst","xyz #554",338,-352,-284
"terra1zcva9...rxtf27ug","xyz #555",8,8,1
"terra1eek0y...a60q2z2t","xyz #556",777,-777,-777
"terra1gt6nq...f630atpq","xyz #557",605,901,809
"terra1jj7vf...r2w6zh88","xyz #558",-844,999,-744
"terra1e9khh...s5ljlzm7","xyz #559",-2,0,0
"terra10dkxg...v7lxu42c","xyz #56",562,120,-142
"terra1eek0y...a60q2z2t","xyz #560",-117,931,-592
"terra1eajr2...5a9hc4hl","xyz #561",0,-6,9
"terra10yasf...smx2vrsx","xyz #562",-451,-754,-581
"terra1sc9yc...dpendvct","xyz #563",9,625,121
"terra19u5fr...ev6q6dlr","xyz #564",888,-888,-888
"terra1dj2wy...nuxw5axd","xyz #565",0,-1,-1
"terra1x0egd...pddeadd6","xyz #566",101,201,501
"terra18pn3x...jf4ug27v","xyz #567",-571,-736,-567
"terra1suygc...wxl06z0v","xyz #568",437,-209,-451
"terra192mhn...lj2qq3q2","xyz #569",715,628,377
"terra19ck3q...q2xzmgvv","xyz #57",123,279,20
"terra1987x0...gwwk72gl","xyz #570",5,12,1000
"terra1ej6xq...vrslz7w3","xyz #571",-69,-420,69
"terra13e20j...3na7mff2","xyz #572",-226,-495,-925
"terra1cgm2m...lv560v4c","xyz #573",2,0,21
"terra1ezgen...wxwq2dj4","xyz #574",-684,822,473
"terra13pgpz...kkej8mzw","xyz #575",4,1,8
"terra1eek0y...a60q2z2t","xyz #576",-69,-4,-20
"terra16gcah...lwnmuzav","xyz #577",3,6,9
"terra1eek0y...a60q2z2t","xyz #578",1000,1000,420
"terra1wxg59...6039x8fx","xyz #579",975,-601,-649
"terra1tudmk...h9tgmz8p","xyz #58",83,-6,-6
"terra1ugesq...nxc705x3","xyz #580",-500,-500,-500
"terra1htqqp...5a7vhhdl","xyz #581",1,6,7
"terra1hk4kp...u5cremkl","xyz #582",-737,760,-816
"terra1j4mgg...s6d77dcd","xyz #583",420,0,420
"terra1wag5t...nnjtt427","xyz #584",-13,13,-13
"terra1k7vsm...xm504mwf","xyz #585",-7,-77,-777
"terra1wetyp...zhjk5vwc","xyz #586",40,40,40
"terra1ft2c2...svpjcj5m","xyz #587",1000,-1000,-1000
"terra19du47...tn47jj67","xyz #588",100,200,400
"terra1vp7gf...slqeyw32","xyz #589",-557,979,377
"terra1al3k6...vtjku8ew","xyz #59",-573,-745,-876
"terra1an536...4p968hjg","xyz #590",831,326,-628
"terra1klkuu...7hvz8dks","xyz #591",144,233,377
"terra1c0nyw...emwym347","xyz #592",-151,-829,-20
"terra1qq65p...4tfud9pn","xyz #593",3,17,62
"terra10yasf...smx2vrsx","xyz #594",313,804,-208
"terra1e8jyd...f24kczf2","xyz #595",0,888,0
"terra1zj4vc...36a9wlk5","xyz #596",-66,-66,-66
"terra18n2z9...l6p0v5g4","xyz #597",11,3,22
"terra1p820t...9fp5jtvv","xyz #598",500,0,1000
"terra1se68z...uutaqlv7","xyz #599",500,500,1000
"terra1yhrqr...v6pgwxtj","xyz #6",6,6,6
"terra1mvvpn...eqepdvkm","xyz #60",55,555,-555
"terra1pkukn...z9ld8tm0","xyz #600",615,-1,189
"terra192mhn...lj2qq3q2","xyz #601",-451,28,647
"terra10py7v...0redxkjs","xyz #602",-4,-21,0
"terra1nsn8p...xsv4rgmu","xyz #603",11,21,20
"terra1h9fwu...jx3lfhlm","xyz #604",11,30,91
"terra196zmf...sn5udtfg","xyz #605",20,9,65
"terra1dj2wy...nuxw5axd","xyz #606",-1000,-1000,-999
"terra1uvvkw...2p96yyyn","xyz #607",-206,6,887
"terra1a9lnc...g4d03qtc","xyz #608",-666,666,-666
"terra1ndu8v...2qn3wfnv","xyz #609",69,68,69
"terra1a9lnc...g4d03qtc","xyz #61",-666,69,-420
"terra1eek0y...a60q2z2t","xyz #610",22,87,4
"terra1a8dau...cmelhuu3","xyz #611",8,2,0
"terra1zgzp2...8vhtt5m4","xyz #612",48,-228,275
"terra1zcva9...rxtf27ug","xyz #613",2,22,222
"terra13zvt9...g0c9pjck","xyz #614",1,-1,0
"terra1yvs4n...57shyn9j","xyz #615",867,-5,309
"terra1p820t...9fp5jtvv","xyz #616",1,0,-1
"terra1eek0y...a60q2z2t","xyz #617",69,420,1
"terra13ln5l...wduqly0v","xyz #618",-333,-333,-333
"terra1pypcl...hnzuw2na","xyz #619",877,937,875
"terra1wvau9...6ns3we6w","xyz #62",905,20,18
"terra19raze...lshwxdfs","xyz #620",3,19,21
"terra1eek0y...a60q2z2t","xyz #621",420,-69,420
"terra1gt9yt...9v6l74x4","xyz #622",-420,69,420
"terra1xfhdq...x6akrhch","xyz #623",-14,7,-44
"terra1pwtsp...tgwc4ct4","xyz #624",352,369,-852
"terra13wh4p...fg7gekma","xyz #625",0,3,0
"terra1a9gvs...8dtt65ll","xyz #626",600,350,200
"terra1qa78t...0ahvmcd4","xyz #627",600,237,-926
"terra1pkukn...z9ld8tm0","xyz #628",-777,924,914
"terra14996w...5egm5wyj","xyz #629",-1000,-1000,1000
"terra1vp7gf...slqeyw32","xyz #63",456,634,235
"terra1u86l4...5gv8dvak","xyz #630",-207,119,555
"terra1dwlzs...djw562lh","xyz #631",647,183,-649
"terra1ej6xq...vrslz7w3","xyz #632",-69,420,-69
"terra1zecpu...9n3cyz4x","xyz #633",-6,-66,-666
"terra1cha68...rmr32t42","xyz #634",585,-137,345
"terra1etna4...2dsu0unq","xyz #635",-4,2,0
"terra17v5wg...m7l4ytkg","xyz #636",8,88,88
"terra1exw8k...h0w2ekvy","xyz #637",-882,40,-89
"terra1z320y...0jj6a98c","xyz #638",-100,0,100
"terra1dp6kc...eezg89ga","xyz #639",888,888,-888
"terra12704e...8admwv9e","xyz #64",3,14,15
"terra1lxv3l...l5ey3ypz","xyz #640",9,6,3
"terra13rnju...4xr6v70l","xyz #641",19,7,80
"terra1cuys8...pf5gyxuy","xyz #642",816,283,595
"terra1fq8x8...rs2zny5r","xyz #643",168,168,168
"terra1tgpfq...xnqxtjsr","xyz #644",314,314,314
"terra1h5qx8...cq49j537","xyz #645",82,82,82
"terra12fju7...u4p4pyu8","xyz #646",-111,-222,-333
"terra1dj2wy...nuxw5axd","xyz #647",359,-951,-684
"terra1k5puz...pxj6em96","xyz #648",50,100,1000
"terra1l3g65...03lf48yy","xyz #649",-123,-850,401
"terra1l6jfd...6lzfraal","xyz #65",9,247,100
"terra19ck3q...q2xzmgvv","xyz #650",88,8,888
"terra1eajr2...5a9hc4hl","xyz #651",0,6,-9
"terra1y5ycm...ggj6agqx","xyz #652",768,-329,533
"terra1a98vd...jus07fwd","xyz #653",41,33,2
"terra1ntyv4...a62au700","xyz #654",-10,-9,-1
"terra1cha68...rmr32t42","xyz #655",-714,513,187
"terra1xvc39...ljrld8qx","xyz #656",7,-777,77
"terra19m40u...cllmdx4p","xyz #657",11,22,33
"terra1va7ck...vt5a73r9","xyz #658",890,60,40
"terra13wh4p...fg7gekma","xyz #659",0,4,0
"terra1urpuu...zjr386s4","xyz #66",0,5,8
"terra1pkukn...z9ld8tm0","xyz #660",967,-920,-266
"terra1htqqp...5a7vhhdl","xyz #661",5,9,5
"terra1suvx3...f38wzzef","xyz #662",19,19,19
"terra1zy66p...ysv6mldy","xyz #663",-777,777,-777
"terra1zzs8t...vducjk00","xyz #664",656,565,969
"terra1zgzp2...8vhtt5m4","xyz #665",-845,432,341
"terra1xlm68...9jvlakcw","xyz #666",560,924,-744
"terra1l2tgy...59s4w8z7","xyz #667",33,-33,666
"terra1ju9xe...3s0rvl8q","xyz #668",31,12,92
"terra1n8uta...fws9kymc","xyz #669",-734,-766,-790
"terra1g3gjc...35senrvp","xyz #67",124,167,1000
"terra15f2wp...rftrrupf","xyz #670",1000,420,1000
"terra1utcuv...5melr9a0","xyz #671",38,44,55
"terra14dlf3...qlpm09hd","xyz #672",6,11,91
"terra1pex92...fqjl8z8l","xyz #673",-1000,0,0
"terra1eek0y...a60q2z2t","xyz #674",-2,-2,-2
"terra1eek0y...a60q2z2t","xyz #675",0,69,0
"terra10py7v...0redxkjs","xyz #676",69,200,1
"terra1aehve...fy0dx927","xyz #677",-999,999,999
"terra1zcva9...rxtf27ug","xyz #678",2,2,200
"terra18dtn3...58xru4ew","xyz #679",-705,-89,489
"terra1duhlf...htwq4flq","xyz #68",111,111,111
"terra1pwtsp...tgwc4ct4","xyz #680",502,604,-908
"terra1qa78t...0ahvmcd4","xyz #681",128,128,128
"terra1s0xk5...u45y55x5","xyz #682",-720,731,155
"terra1vuuzu...8ejp9c9d","xyz #683",-367,-717,-269
"terra1fhv7d...wmt7ls66","xyz #684",111,333,777
"terra1htjqn...vk8axh34","xyz #685",29,12,84
"terra15fh5j...cjrm3zxx","xyz #686",22,222,22
"terra1eph3s...ptw4k6pa","xyz #687",0,0,8
"terra1ulqv9...qcua2kev","xyz #688",0,0,420
"terra1zy66p...ysv6mldy","xyz #689",7,-7,7
"terra1ej86f...gpp27yyy","xyz #69",11,24,94
"terra1dj2wy...nuxw5axd","xyz #690",-250,-250,-250
"terra1kah8q...ryudg9xl","xyz #691",-420,69,69
"terra1wetyp...zhjk5vwc","xyz #692",666,999,666
"terra1yq48g...4myrhje4","xyz #693",424,-87,459
"terra1muw9l...05hruq48","xyz #694",420,420,777
"terra1wwgqj...099vvdej","xyz #695",632,-952,902
"terra167d69...nlxx8ct4","xyz #696",6,69,9
"terra1ugesq...nxc705x3","xyz #697",1000,0,-1000
"terra1yt8m5...8qd3earv","xyz #698",51,801,639
"terra1eek0y...a60q2z2t","xyz #699",666,69,666
"terra1g2wx0...skkdjncz","xyz #7",13,13,13
"terra1umcmn...wymg43qq","xyz #70",472,400,0
"terra1xlm68...9jvlakcw","xyz #700",547,283,-711
"terra1cha68...rmr32t42","xyz #701",-757,13,-330
"terra1k4uek...eccxx80q","xyz #702",-111,222,-333
"terra1l5dx7...0acc0lc5","xyz #703",-5,771,-25
"terra19mu2w...gk72gzvs","xyz #704",14,15,10
"terra1pkukn...z9ld8tm0","xyz #705",-286,-975,-479
"terra1evnk8...w3v24e6c","xyz #706",-658,-581,-555
"terra1zcva9...rxtf27ug","xyz #707",1000,1000,69
"terra1vuuzu...8ejp9c9d","xyz #708",-415,-36,-784
"terra1zgzp2...8vhtt5m4","xyz #709",-997,-851,839
"terra1e8jyd...f24kczf2","xyz #71",1,2,3
"terra1cgm2m...lv560v4c","xyz #710",1000,1,1000
"terra1dj2wy...nuxw5axd","xyz #711",822,-252,-400
"terra1pvd6v...vnp6yau7","xyz #712",500,-500,500
"terra14dlf3...qlpm09hd","xyz #713",1,6,91
"terra1fesej...emkpwaan","xyz #714",-587,-88,-542
"terra1pwtsp...tgwc4ct4","xyz #715",873,-845,758
"terra1xfhdq...x6akrhch","xyz #716",-342,-816,551
"terra1ty0tr...uzjeyf42","xyz #717",420,68,-66
"terra1xn35q...0hqgc0fc","xyz #718",313,225,423
"terra1s0xk5...u45y55x5","xyz #719",653,313,-773
"terra1jdnjf...0s8tpsau","xyz #72",-184,459,558
"terra1cha68...rmr32t42","xyz #720",593,840,-797
"terra1al3k6...vtjku8ew","xyz #721",-52,-588,-492
"terra1qjzel...j0sgfr8t","xyz #722",8,3,20
"terra198ws2...plyw8jvw","xyz #723",747,589,475
"terra1xvc39...ljrld8qx","xyz #724",88,-88,88
"terra18dtn3...58xru4ew","xyz #725",916,569,-985
"terra1vuuzu...8ejp9c9d","xyz #726",111,-758,-792
"terra1l5dx7...0acc0lc5","xyz #727",-512,-464,742
"terra1jyut4...4yhr9xfa","xyz #728",9,-9,9
"terra1pk5z9...cy97cjwc","xyz #729",-179,-17,2
"terra1q2fss...wga3dd2j","xyz #73",4,15,23
"terra1eek0y...a60q2z2t","xyz #730",999,555,1
"terra1cha68...rmr32t42","xyz #731",919,-398,707
"terra1dj2wy...nuxw5axd","xyz #732",1000,1000,999
"terra13ln5l...wduqly0v","xyz #733",-777,777,777
"terra1u86l4...5gv8dvak","xyz #734",-625,-250,368
"terra1kmkfv...4azjpvhn","xyz #735",1000,1000,0
"terra1s0xk5...u45y55x5","xyz #736",28,-82,425
"terra1xkycc...zhfa7d0f","xyz #737",-11,-11,-11
"terra1vuuzu...8ejp9c9d","xyz #738",-316,318,-498
"terra1pk5z9...cy97cjwc","xyz #739",-270,430,869
"terra13zvt9...g0c9pjck","xyz #74",0,7,4
"terra10py7v...0redxkjs","xyz #740",1,69,0
"terra1pwtsp...tgwc4ct4","xyz #741",810,368,-585
"terra122443...utnpue5g","xyz #742",26,2,87
"terra1suvx3...f38wzzef","xyz #743",420,69,143
"terra15fh5j...cjrm3zxx","xyz #744",1,1,14
"terra13rnju...4xr6v70l","xyz #745",6,9,6
"terra1prqmj...qqje3d55","xyz #746",500,500,-500
"terra13e20j...3na7mff2","xyz #747",999,-666,666
"terra145hzc...5svf5cr5","xyz #748",-42,-42,-42
"terra1eek0y...a60q2z2t","xyz #749",423,443,-857
"terra1t03df...ccv2huac","xyz #75",-2,-1,-1
"terra1eek0y...a60q2z2t","xyz #750",0,1,-1
"terra1muw9l...05hruq48","xyz #751",696,696,696
"terra1zzs8t...vducjk00","xyz #752",959,656,565
"terra19mu2w...gk72gzvs","xyz #753",14,10,1
"terra1yvs4n...57shyn9j","xyz #754",-320,730,860
"terra1dj2wy...nuxw5axd","xyz #755",909,-414,-703
"terra1cgm2m...lv560v4c","xyz #756",10,-10,1
"terra1fesej...emkpwaan","xyz #757",606,606,606
"terra1qa78t...0ahvmcd4","xyz #758",-128,-128,-128
"terra1s0xk5...u45y55x5","xyz #759",-990,-12,120
"terra1n8uta...fws9kymc","xyz #76",2,8,17
"terra1ulqv9...qcua2kev","xyz #760",100,0,1
"terra1a3xa9...sx4sljgy","xyz #761",21,30,9
"terra1pk5z9...cy97cjwc","xyz #762",480,739,92
"terra1md4x6...v288k7ap","xyz #763",-887,185,-269
"terra1k7vsm...xm504mwf","xyz #764",777,77,-7
"terra1l5dx7...0acc0lc5","xyz #765",152,893,129
"terra14s3ny...xp9qvadf","xyz #766",999,998,997
"terra1g2wx0...skkdjncz","xyz #767",955,-634,-354
"terra174d49...gsh4lntn","xyz #768",2,4,69
"terra152nmp...9w5474yv","xyz #769",4,18,1
"terra1737hv...flutppkm","xyz #77",7,17,777
"terra17v5wg...m7l4ytkg","xyz #770",8,88,8
"terra1htqqp...5a7vhhdl","xyz #771",-666,-666,666
"terra1prqmj...qqje3d55","xyz #772",0,0,5
"terra1cuys8...pf5gyxuy","xyz #773",186,230,982
"terra1md4x6...v288k7ap","xyz #774",890,501,399
"terra1f3hpg...868eeyma","xyz #775",0,-69,0
"terra13s9zd...cl95fcjc","xyz #776",111,5,88
"terra1eek0y...a60q2z2t","xyz #777",888,88,88
"terra1pk5z9...cy97cjwc","xyz #778",-715,286,346
"terra1exrhp...lm5at209","xyz #779",-155,80,275
"terra1k7wrm...3ngx48py","xyz #78",2,5,9
"terra1xfhdq...x6akrhch","xyz #780",-77,77,-777
"terra1p820t...9fp5jtvv","xyz #781",6,-6,-6
"terra1p7etm...4khdu2kw","xyz #782",-420,-69,-666
"terra1u86l4...5gv8dvak","xyz #783",523,-687,752
"terra1qjzel...j0sgfr8t","xyz #784",19,9,20
"terra1v80jq...tv4jee3j","xyz #785",-615,75,303
"terra1eek0y...a60q2z2t","xyz #786",625,467,-113
"terra1cha68...rmr32t42","xyz #787",172,451,968
"terra1xwte6...mu9h9lw6","xyz #788",3,33,333
"terra1zzs8t...vducjk00","xyz #789",90,90,90
"terra1pny6r...ug4ejqeq","xyz #79",250,250,250
"terra1r2g58...u8eskr5p","xyz #790",-10,-10,-10
"terra1dj2wy...nuxw5axd","xyz #791",965,503,-582
"terra1pk5z9...cy97cjwc","xyz #792",79,402,557
"terra1p820t...9fp5jtvv","xyz #793",-6,6,6
"terra1cqk7j...xzzpaecj","xyz #794",120,41,112
"terra1pwtsp...tgwc4ct4","xyz #795",-640,-218,786
"terra145hzc...5svf5cr5","xyz #796",-8,-8,-8
"terra1h5qx8...cq49j537","xyz #797",77,7,77
"terra19mu2w...gk72gzvs","xyz #798",-241,113,-7
"terra1zy66p...ysv6mldy","xyz #799",420,-69,-69
"terra1ec4zh...jfyvymtp","xyz #8",-310,225,-838
"terra1sjsvf...kcf8rwss","xyz #80",0,0,4
"terra1v80jq...tv4jee3j","xyz #800",-156,-444,161
"terra1md4x6...v288k7ap","xyz #801",-70,-399,134
"terra1qzgmc...yw6vlrl6","xyz #802",288,288,288
"terra1prqmj...qqje3d55","xyz #803",19,12,99
"terra1cha68...rmr32t42","xyz #804",661,-399,879
"terra17d4k2...r32vuc5a","xyz #805",100,-100,100
"terra1z3elf...rzu5fsqh","xyz #806",6,1,6
"terra1wtjfa...0ep2qqn3","xyz #807",33,333,33
"terra1v80jq...tv4jee3j","xyz #808",980,-232,969
"terra1xkycc...zhfa7d0f","xyz #809",33,8,24
"terra1zmqxy...7h6r3cj0","xyz #81",69,69,420
"terra1nudfd...f2l9tpjs","xyz #810",595,156,217
"terra1ysm9w...jqgcrfzp","xyz #811",-556,-670,623
"terra1xutmm...d7yvkyj4","xyz #812",595,243,-578
"terra1vuuzu...8ejp9c9d","xyz #813",1,11,111
"terra1z4xv7...5c7x4gjs","xyz #814",-677,695,399
"terra1cha68...rmr32t42","xyz #815",879,-86,700
"terra1ms752...vn888wsn","xyz #816",21,29,-21
"terra1ulqv9...qcua2kev","xyz #817",1,1,7
"terra1prqmj...qqje3d55","xyz #818",14,3,98
"terra12v8vr...mkgnq60j","xyz #819",564,34,963
"terra1fmk80...q9c8e8m8","xyz #82",-686,-913,-522
"terra1v80jq...tv4jee3j","xyz #820",-484,495,-271
"terra1duewm...4k94xp4h","xyz #821",12,3,85
"terra1dj2wy...nuxw5axd","xyz #822",-390,-124,-581
"terra1n8uta...fws9kymc","xyz #823",0,4,2
"terra167d69...nlxx8ct4","xyz #824",769,-769,169
"terra1s0xk5...u45y55x5","xyz #825",-221,472,-188
"terra1qgh9z...z9zfk5fm","xyz #826",2,0,0
"terra1cr57p...amwpysvs","xyz #827",-345,-381,-711
"terra1cha68...rmr32t42","xyz #828",-680,-148,702
"terra1vn5s4...6l4qesd6","xyz #829",679,-887,790
"terra192mhn...lj2qq3q2","xyz #83",-354,341,-958
"terra1zkalk...fw9uwmx7","xyz #830",-321,-123,-321
"terra1eek0y...a60q2z2t","xyz #831",-913,401,-789
"terra1xwte6...mu9h9lw6","xyz #832",111,11,111
"terra1j9mtr...trzeyjlj","xyz #833",800,813,555
"terra1jtxed...lnxw9tw3","xyz #834",1000,-1000,999
"terra1k7vsm...xm504mwf","xyz #835",-100,0,-100
"terra18xsl6...8606h0hx","xyz #836",6,9,420
"terra1z4xv7...5c7x4gjs","xyz #837",428,570,-148
"terra1gzsu0...34gqcqmx","xyz #838",188,188,188
"terra1ggqhm...pt2wf49c","xyz #839",917,917,917
"terra1l2tgy...59s4w8z7","xyz #84",21,18,20
"terra1j5sdr...6npgghg6","xyz #840",-70,781,-183
"terra167d69...nlxx8ct4","xyz #841",261,506,-774
"terra1w8eaz...flunqwuh","xyz #842",694,20,69
"terra18y4nc...xmrhdtn6","xyz #843",8,7,18
"terra1qq65p...4tfud9pn","xyz #844",3,14,159
"terra19mse9...9grayfr2","xyz #845",3,1,9
"terra1v80jq...tv4jee3j","xyz #846",858,207,-77
"terra1n34pf...wy9qaeku","xyz #847",997,997,997
"terra1p95ga...cdw2eu53","xyz #848",2,12,99
"terra1pypcl...hnzuw2na","xyz #849",-975,720,370
"terra1md4x6...v288k7ap","xyz #85",424,254,252
"terra18dtn3...58xru4ew","xyz #850",420,-420,69
"terra1wtjfa...0ep2qqn3","xyz #851",1,3,5
"terra1hdmq9...gaa44n9r","xyz #852",133,-292,738
"terra1e3r0e...p8qpnqgp","xyz #853",-584,-741,821
"terra1eek0y...a60q2z2t","xyz #854",2,3,4
"terra1cha68...rmr32t42","xyz #855",350,-345,-854
"terra1jqmpe...9cj8sxdu","xyz #856",6,7,8
"terra1dj2wy...nuxw5axd","xyz #857",-103,119,-991
"terra1s0xk5...u45y55x5","xyz #858",951,572,751
"terra1j9mtr...trzeyjlj","xyz #859",10,30,19
"terra12tvm8...42zy267t","xyz #86",666,666,666
"terra1vhlv9...dz4ss782","xyz #860",-4,-2,0
"terra1u7als...ehl2rje8","xyz #861",3,6,5
"terra1eek0y...a60q2z2t","xyz #862",69,42,0
"terra13s9zd...cl95fcjc","xyz #863",994,-559,-326
"terra1sjsvf...kcf8rwss","xyz #864",0,0,3
"terra1wp9yk...h9v9rw8e","xyz #865",-907,962,-162
"terra1p9y0k...35j4p8ha","xyz #866",343,343,343
"terra188xff...8gxuhdx7","xyz #867",1,69,69
"terra1eek0y...a60q2z2t","xyz #868",69,887,420
"terra1xfhdq...x6akrhch","xyz #869",4,21,7
"terra19du47...tn47jj67","xyz #87",2,-2,2
"terra1nudfd...f2l9tpjs","xyz #870",956,805,51
"terra1xutmm...d7yvkyj4","xyz #871",599,880,631
"terra1s0xk5...u45y55x5","xyz #872",-562,142,-714
"terra1ms752...vn888wsn","xyz #873",-985,738,-164
"terra130aey...rrlt7h59","xyz #874",288,288,-288
"terra1muw9l...05hruq48","xyz #875",13,37,420
"terra18dtn3...58xru4ew","xyz #876",-315,314,-941
"terra19u5fr...ev6q6dlr","xyz #877",-987,-654,-321
"terra1as8j8...5chfhqwn","xyz #878",-895,-913,435
"terra1e3r0e...p8qpnqgp","xyz #879",711,-333,982
"terra1ddyju...c04ac0zf","xyz #88",-508,-390,431
"terra1e059y...pswsr8gt","xyz #880",11,5,11
"terra1hdmq9...gaa44n9r","xyz #881",-746,971,46
"terra1p9y0k...35j4p8ha","xyz #882",-9,-30,-21
"terra1p95ga...cdw2eu53","xyz #883",616,895,-627
"terra13rnju...4xr6v70l","xyz #884",1,2,30
"terra1vkzv3...netp7fgn","xyz #885",746,-327,-227
"terra1pds8p...rk0zvh2m","xyz #886",10,6,95
"terra1nudfd...f2l9tpjs","xyz #887",102,45,196
"terra19c9m2...mk2qc26j","xyz #888",-390,-793,429
"terra1t6pve...5c68mxwz","xyz #889",275,575,775
"terra1h5qx8...cq49j537","xyz #89",777,777,777
"terra1c40m6...fcvpzp3g","xyz #890",23,23,23
"terra1g43lp...5m0t5d7f","xyz #891",24,15,36
"terra1t03df...ccv2huac","xyz #892",158,315,-706
"terra1s0xk5...u45y55x5","xyz #893",706,-77,-979
"terra1vkzv3...netp7fgn","xyz #894",634,804,-223
"terra1zzs8t...vducjk00","xyz #895",183,831,318
"terra1tq87m...3pu4dfk6","xyz #896",500,550,500
"terra1qf89k...a6wv6edd","xyz #897",50,0,0
"terra1jqmpe...9cj8sxdu","xyz #898",-888,-88,-8
"terra1p95ga...cdw2eu53","xyz #899",-705,-5,558
"terra1u7als...ehl2rje8","xyz #9",0,0,0
"terra196zmf...sn5udtfg","xyz #90",30,9,91
"terra1wtjfa...0ep2qqn3","xyz #900",888,8,888
"terra14h98f...y4xhfgt9","xyz #901",520,520,520
"terra1hdc7m...uw2u0adh","xyz #902",-250,250,250
"terra1kqhk7...e8gvjfyy","xyz #903",126,126,126
"terra1fdjsf...fxcuavwl","xyz #904",300,300,300
"terra1hdmq9...gaa44n9r","xyz #905",-304,757,-72
"terra1dj2wy...nuxw5axd","xyz #906",894,-257,-30
"terra138r38...s7tz49jl","xyz #907",998,999,1000
"terra1wp9yk...h9v9rw8e","xyz #908",-973,-786,65
"terra1prqmj...qqje3d55","xyz #909",-500,-500,500
"terra1z320y...0jj6a98c","xyz #91",88,88,88
"terra1ansgg...d4fvcpzf","xyz #910",239,124,848
"terra1cha68...rmr32t42","xyz #911",657,369,842
"terra1g2tne...w6kujkpz","xyz #912",999,-999,999
"terra19c9m2...mk2qc26j","xyz #913",-419,-169,435
"terra1g2wx0...skkdjncz","xyz #914",0,1000,1000
"terra19v06e...ttd05dpa","xyz #915",31,10,90
"terra1vkzv3...netp7fgn","xyz #916",479,35,420
"terra1l5dx7...0acc0lc5","xyz #917",-217,888,405
"terra16tsxz...qe3wde73","xyz #918",9,99,999
"terra1pypcl...hnzuw2na","xyz #919",3,5,8
"terra1m4paf...xjxwqfdq","xyz #92",27,9,1000
"terra1z5tce...k7ytn35y","xyz #920",546,399,-423
"terra1pz2r4...57nygrg2","xyz #921",-126,126,126
"terra1hdc7m...uw2u0adh","xyz #922",-8,-8,-12
"terra13ln5l...wduqly0v","xyz #923",69,-69,420
"terra1tq87m...3pu4dfk6","xyz #924",520,250,777
"terra1c40m6...fcvpzp3g","xyz #925",-11,11,-11
"terra1jveul...esghu37z","xyz #926",69,420,-1
"terra189x2m...ddwxaa4n","xyz #927",1,2,2
"terra1fn9xv...c9e47r9s","xyz #928",69,69,-420
"terra1wp9yk...h9v9rw8e","xyz #929",-367,-561,-121
"terra18rm4a...x55dl90t","xyz #93",3,1,91
"terra1l5dx7...0acc0lc5","xyz #930",-399,552,-192
"terra1vkzv3...netp7fgn","xyz #931",-16,36,-841
"terra1h4jdt...46v2h63u","xyz #932",871,-3,-446
"terra10l2zz...s25zhsnh","xyz #933",26,26,26
"terra17u4qm...9zlvzczt","xyz #934",690,690,690
"terra19c9m2...mk2qc26j","xyz #935",596,496,104
"terra1cha68...rmr32t42","xyz #936",-30,-247,703
"terra1w2zgt...5crpaxxv","xyz #937",666,777,888
"terra1t6pve...5c68mxwz","xyz #938",250,500,750
"terra18p99j...temmgldm","xyz #939",-986,272,223
"terra13wh4p...fg7gekma","xyz #94",11,11,11
"terra1e3r0e...p8qpnqgp","xyz #940",-86,-130,971
"terra1tq87m...3pu4dfk6","xyz #941",777,650,777
"terra136k9s...7yu2zcp3","xyz #942",123,456,111
"terra1ncstj...3nuxnt00","xyz #943",-688,537,44
"terra1xwte6...mu9h9lw6","xyz #944",0,69,1000
"terra1vkzv3...netp7fgn","xyz #945",983,-790,153
"terra10c3ee...mg9dxp8a","xyz #946",1,1,2
"terra10eyyz...se3gt65x","xyz #947",7,7,10
"terra19v06e...ttd05dpa","xyz #948",28,11,92
"terra15fh5j...cjrm3zxx","xyz #949",-22,-1,-96
"terra1h4zjl...vuzem4xn","xyz #95",13,5,17
"terra1a3njt...4yccgk3t","xyz #950",13,26,39
"terra1wl8v7...4f07lg9s","xyz #951",-111,-333,-777
"terra1ezgen...wxwq2dj4","xyz #952",369,693,396
"terra1zzs8t...vducjk00","xyz #953",4,8,12
"terra1w8eaz...flunqwuh","xyz #954",123,41,333
"terra1cha68...rmr32t42","xyz #955",585,-137,312
"terra1eek0y...a60q2z2t","xyz #956",-112,112,120
"terra1jveul...esghu37z","xyz #957",69,420,100
"terra1ugv30...xy998qvr","xyz #958",2,7,19
"terra1u48kj...dam0cv56","xyz #959",729,729,729
"terra19u5fr...ev6q6dlr","xyz #96",13,113,13
"terra1tq87m...3pu4dfk6","xyz #960",250,350,450
"terra1cha68...rmr32t42","xyz #961",-243,120,-789
"terra1eek0y...a60q2z2t","xyz #962",999,888,777
"terra1f7xu6...nx9y5v05","xyz #963",223,21,23
"terra17f3e8...upuuw57h","xyz #964",408,526,389
"terra1ft2c2...svpjcj5m","xyz #965",7,0,6
"terra1tq87m...3pu4dfk6","xyz #966",356,520,254
"terra143c39...2773w9ng","xyz #967",-696,-696,-696
"terra19u5fr...ev6q6dlr","xyz #968",-1,2,-3
"terra1z5tce...k7ytn35y","xyz #969",18,679,-534
"terra12yznk...w726qetz","xyz #97",92,10,8
"terra1aehve...fy0dx927","xyz #970",696,-969,696
"terra1r2g58...u8eskr5p","xyz #971",55,55,55
"terra14ry65...mrlp30vl","xyz #972",786,786,786
"terra1cha68...rmr32t42","xyz #973",-973,465,-102
"terra15ht79...xk990uh2","xyz #974",680,-417,587
"terra1ulqv9...qcua2kev","xyz #975",8,0,8
"terra1l5dx7...0acc0lc5","xyz #976",219,-726,-554
"terra1eek0y...a60q2z2t","xyz #977",0,-1,0
"terra1u0ew2...2fqcfhuv","xyz #978",10,999,888
"terra1ju0dk...rhxvpgny","xyz #979",-195,334,-560
"terra1jflzw...acrxytcu","xyz #98",13,86,188
"terra1z5tce...k7ytn35y","xyz #980",382,374,-631
"terra1e3r0e...p8qpnqgp","xyz #981",-183,780,-348
"terra10zl9a...64ccrufg","xyz #982",356,-703,-86
"terra12h6dd...ftnm7qv0","xyz #983",-915,501,-160
"terra18y4nc...xmrhdtn6","xyz #984",8,4,12
"terra14h98f...y4xhfgt9","xyz #985",-615,-632,702
"terra1hzpdw...hwse5hze","xyz #986",-5,12,8
"terra10nvgn...5l3hxsgm","xyz #987",972,137,-487
"terra1ju9xe...3s0rvl8q","xyz #988",989,421,-204
"terra1fn9xv...c9e47r9s","xyz #989",-69,420,-420
"terra1d6r3a...s0erd34w","xyz #99",897,897,897
"terra134yyh...752783rz","xyz #990",-206,966,-42
"terra1kmkfv...4azjpvhn","xyz #991",30,300,500
"terra1pv78q...p2x4j87z","xyz #992",829,-270,38
"terra1wvsmx...se7g7fhh","xyz #993",-623,585,360
"terra1pds8p...rk0zvh2m","xyz #994",69,666,69
"terra10zl9a...64ccrufg","xyz #995",-278,356,850
"terra1wwr64...4lut5ufp","xyz #996",-985,738,-165
"terra19u5fr...ev6q6dlr","xyz #997",-420,420,-420
"terra1prqmj...qqje3d55","xyz #998",500,-500,-500
"terra1sxzvf...srcmxlhr","xyz #999",63,22,26